UtcTime,Computer,User,EventID,Image,CommandLine,ParentImage,DestinationIp,DestinationPort,Hashes
2026-03-21 00:00:00.000,FIN-WS22,svc-export,1,slack.exe,"slack.exe",systemd,,,SHA256=001fdf1b984c1b73001fdf1b984c1b73001fdf1b984c1b73001fdf1b984c1b73
2026-03-21 00:07:18.492,LINUX-JUMP-01,svc-build,1,sshd,"sshd",explorer.exe,,,SHA256=0008289499fba6960008289499fba6960008289499fba6960008289499fba696
2026-03-21 00:13:38.148,FIN-WS22,alex.chen,1,outlook.exe,"outlook.exe",explorer.exe,,,SHA256=000d040186ecab81000d040186ecab81000d040186ecab81000d040186ecab81
2026-03-21 00:20:50.960,FIN-WS22,taylor.owens,1,sshd,"sshd",systemd,,,SHA256=000f17e06c30f68f000f17e06c30f68f000f17e06c30f68f000f17e06c30f68f
2026-03-21 00:30:54.657,ENG-MAC-04,jamie.patel,1,chrome.exe,"chrome.exe",systemd,,,SHA256=00032b75291fe27a00032b75291fe27a00032b75291fe27a00032b75291fe27a
2026-03-21 00:40:09.816,ENG-MAC-17,svc-build,1,slack.exe,"slack.exe",systemd,,,SHA256=00130dc108c351fc00130dc108c351fc00130dc108c351fc00130dc108c351fc
2026-03-21 00:50:43.216,LINUX-JUMP-01,taylor.owens,1,node,"node",cmd.exe,,,SHA256=00002609d4ed1fa200002609d4ed1fa200002609d4ed1fa200002609d4ed1fa2
2026-03-21 00:57:02.077,FIN-WS17,riley.kapoor,1,node,"node",explorer.exe,,,SHA256=000d921d03c9a6db000d921d03c9a6db000d921d03c9a6db000d921d03c9a6db
2026-03-21 01:02:04.510,FIN-WS17,taylor.owens,1,outlook.exe,"outlook.exe",systemd,,,SHA256=0002f8b90e5e5b600002f8b90e5e5b600002f8b90e5e5b600002f8b90e5e5b60
2026-03-21 01:05:57.853,FIN-WS17,jamie.patel,1,git,"git",explorer.exe,,,SHA256=0010a8a76e33548b0010a8a76e33548b0010a8a76e33548b0010a8a76e33548b
2026-03-21 01:13:24.402,ENG-MAC-04,svc-build,1,node,"node",explorer.exe,,,SHA256=001adb7b2202d041001adb7b2202d041001adb7b2202d041001adb7b2202d041
2026-03-21 01:24:42.865,ENG-MAC-17,alex.chen,1,sshd,"sshd",systemd,,,SHA256=001c2a62d2370d6d001c2a62d2370d6d001c2a62d2370d6d001c2a62d2370d6d
2026-03-21 01:29:16.954,BLD-RUN-02,riley.kapoor,1,chrome.exe,"chrome.exe",systemd,,,SHA256=001bc510076e0848001bc510076e0848001bc510076e0848001bc510076e0848
2026-03-21 01:40:36.959,LINUX-JUMP-01,alex.chen,1,slack.exe,"slack.exe",launchd,,,SHA256=0005328d091daadb0005328d091daadb0005328d091daadb0005328d091daadb
2026-03-21 01:47:36.620,LINUX-JUMP-01,taylor.owens,1,powershell.exe,"powershell.exe",systemd,,,SHA256=001ad6bdb4f07a7f001ad6bdb4f07a7f001ad6bdb4f07a7f001ad6bdb4f07a7f
2026-03-21 01:54:00.750,ENG-MAC-17,morgan.sato,1,python3,"python3",cmd.exe,,,SHA256=001a0a46da7abf4d001a0a46da7abf4d001a0a46da7abf4d001a0a46da7abf4d
2026-03-21 02:04:37.072,LINUX-JUMP-01,svc-build,1,powershell.exe,"powershell.exe",systemd,,,SHA256=00175194eea324b900175194eea324b900175194eea324b900175194eea324b9
2026-03-21 02:12:40.685,FIN-WS22,morgan.sato,1,git,"git",cmd.exe,,,SHA256=0004c03ee67df2c80004c03ee67df2c80004c03ee67df2c80004c03ee67df2c8
2026-03-21 02:23:37.251,BLD-RUN-02,morgan.sato,1,node,"node",launchd,,,SHA256=00042b7af1e3cda600042b7af1e3cda600042b7af1e3cda600042b7af1e3cda6
2026-03-21 02:33:00.907,ENG-MAC-04,jamie.patel,1,slack.exe,"slack.exe",launchd,,,SHA256=0020c8d8ed2875880020c8d8ed2875880020c8d8ed2875880020c8d8ed287588
2026-03-21 02:40:48.337,FIN-WS22,taylor.owens,1,chrome.exe,"chrome.exe",cmd.exe,,,SHA256=000bf67a9cc5db1c000bf67a9cc5db1c000bf67a9cc5db1c000bf67a9cc5db1c
2026-03-21 02:50:18.457,ENG-MAC-04,morgan.sato,1,chrome.exe,"chrome.exe",cmd.exe,,,SHA256=00110ca170de14f100110ca170de14f100110ca170de14f100110ca170de14f1
2026-03-21 02:52:58.494,FIN-WS22,svc-build,1,outlook.exe,"outlook.exe",launchd,,,SHA256=001c84edae65e8a3001c84edae65e8a3001c84edae65e8a3001c84edae65e8a3
2026-03-21 03:01:16.454,FIN-WS17,alex.chen,1,node,"node",launchd,,,SHA256=001c4385ebc6beb1001c4385ebc6beb1001c4385ebc6beb1001c4385ebc6beb1
2026-03-21 03:04:25.341,ENG-MAC-04,riley.kapoor,1,chrome.exe,"chrome.exe",explorer.exe,,,SHA256=000905f2550e8a40000905f2550e8a40000905f2550e8a40000905f2550e8a40
2026-03-21 03:13:38.032,ENG-MAC-04,morgan.sato,1,chrome.exe,"chrome.exe",systemd,,,SHA256=000b3f285e977e38000b3f285e977e38000b3f285e977e38000b3f285e977e38
2026-03-21 03:18:49.230,BLD-RUN-02,svc-build,1,node,"node",cmd.exe,,,SHA256=00136af30dc1e78500136af30dc1e78500136af30dc1e78500136af30dc1e785
2026-03-21 03:25:21.923,ENG-MAC-17,jamie.patel,1,sshd,"sshd",launchd,,,SHA256=00048eac2a10405c00048eac2a10405c00048eac2a10405c00048eac2a10405c
2026-03-21 03:33:13.556,BLD-RUN-02,taylor.owens,1,node,"node",systemd,,,SHA256=000c756637a01ad8000c756637a01ad8000c756637a01ad8000c756637a01ad8
2026-03-21 03:41:48.731,FIN-WS22,svc-export,1,git,"git",cmd.exe,,,SHA256=0000bc1bde72e9470000bc1bde72e9470000bc1bde72e9470000bc1bde72e947
2026-03-21 03:51:01.423,ENG-MAC-04,alex.chen,1,node,"node",cmd.exe,,,SHA256=001e20cca0f58102001e20cca0f58102001e20cca0f58102001e20cca0f58102
2026-03-21 03:56:45.011,ENG-MAC-04,svc-build,1,python3,"python3",systemd,,,SHA256=00085b25be5088a300085b25be5088a300085b25be5088a300085b25be5088a3
2026-03-21 04:02:51.127,FIN-WS17,taylor.owens,1,outlook.exe,"outlook.exe",systemd,,,SHA256=001e46154abf64f9001e46154abf64f9001e46154abf64f9001e46154abf64f9
2026-03-21 04:14:00.464,ENG-MAC-17,alex.chen,1,outlook.exe,"outlook.exe",explorer.exe,,,SHA256=00215beed3e1b80800215beed3e1b80800215beed3e1b80800215beed3e1b808
2026-03-21 04:19:16.055,ENG-MAC-17,morgan.sato,1,outlook.exe,"outlook.exe",cmd.exe,,,SHA256=0000d41d214eb3f00000d41d214eb3f00000d41d214eb3f00000d41d214eb3f0
2026-03-21 04:26:11.616,LINUX-JUMP-01,riley.kapoor,1,outlook.exe,"outlook.exe",systemd,,,SHA256=0019b4ff01d86fa40019b4ff01d86fa40019b4ff01d86fa40019b4ff01d86fa4
2026-03-21 04:36:07.692,FIN-WS22,alex.chen,1,powershell.exe,"powershell.exe",explorer.exe,,,SHA256=000391475bc3a59f000391475bc3a59f000391475bc3a59f000391475bc3a59f
2026-03-21 04:44:33.524,ENG-MAC-04,morgan.sato,1,slack.exe,"slack.exe",cmd.exe,,,SHA256=0017fbc1434edd2a0017fbc1434edd2a0017fbc1434edd2a0017fbc1434edd2a
2026-03-21 04:47:23.588,BLD-RUN-02,jamie.patel,1,chrome.exe,"chrome.exe",systemd,,,SHA256=000b65966e9384ce000b65966e9384ce000b65966e9384ce000b65966e9384ce
2026-03-21 04:50:59.149,ENG-MAC-04,svc-build,1,sshd,"sshd",launchd,,,SHA256=001cd9df2f5308ff001cd9df2f5308ff001cd9df2f5308ff001cd9df2f5308ff
2026-03-21 05:02:15.237,BLD-RUN-02,morgan.sato,1,sshd,"sshd",cmd.exe,,,SHA256=00100483850b042700100483850b042700100483850b042700100483850b0427
2026-03-21 05:13:34.169,ENG-MAC-17,svc-build,1,node,"node",systemd,,,SHA256=00215d285a5855a200215d285a5855a200215d285a5855a200215d285a5855a2
2026-03-21 05:23:13.958,BLD-RUN-02,morgan.sato,1,outlook.exe,"outlook.exe",launchd,,,SHA256=000381e227d6cb3b000381e227d6cb3b000381e227d6cb3b000381e227d6cb3b
2026-03-21 05:34:13.135,ENG-MAC-04,alex.chen,1,slack.exe,"slack.exe",cmd.exe,,,SHA256=00078466f036255900078466f036255900078466f036255900078466f0362559
2026-03-21 05:45:05.986,FIN-WS17,riley.kapoor,1,powershell.exe,"powershell.exe",systemd,,,SHA256=000834f3be5d27d4000834f3be5d27d4000834f3be5d27d4000834f3be5d27d4
2026-03-21 05:55:10.989,ENG-MAC-17,taylor.owens,1,node,"node",cmd.exe,,,SHA256=002219aa4a963224002219aa4a963224002219aa4a963224002219aa4a963224
2026-03-21 06:02:11.108,ENG-MAC-17,riley.kapoor,1,outlook.exe,"outlook.exe",explorer.exe,,,SHA256=0002543b87d70f7c0002543b87d70f7c0002543b87d70f7c0002543b87d70f7c
2026-03-21 06:08:22.091,ENG-MAC-17,alex.chen,1,chrome.exe,"chrome.exe",cmd.exe,,,SHA256=00143377490f63de00143377490f63de00143377490f63de00143377490f63de
2026-03-21 06:15:52.314,ENG-MAC-17,alex.chen,1,node,"node",explorer.exe,,,SHA256=001b136c2098dd4d001b136c2098dd4d001b136c2098dd4d001b136c2098dd4d
2026-03-21 06:22:47.043,ENG-MAC-04,svc-export,1,slack.exe,"slack.exe",launchd,,,SHA256=001050a8710730af001050a8710730af001050a8710730af001050a8710730af
2026-03-21 06:33:47.036,BLD-RUN-02,alex.chen,1,chrome.exe,"chrome.exe",explorer.exe,,,SHA256=0014b2f27a9077f90014b2f27a9077f90014b2f27a9077f90014b2f27a9077f9
2026-03-21 06:37:25.681,LINUX-JUMP-01,svc-build,1,python3,"python3",systemd,,,SHA256=0010bcbfd666d3b90010bcbfd666d3b90010bcbfd666d3b90010bcbfd666d3b9
2026-03-21 06:47:23.696,BLD-RUN-02,svc-export,1,sshd,"sshd",systemd,,,SHA256=000fbe91a390cc1b000fbe91a390cc1b000fbe91a390cc1b000fbe91a390cc1b
2026-03-21 06:51:22.790,ENG-MAC-04,alex.chen,1,git,"git",explorer.exe,,,SHA256=0006bc5a8d16e6000006bc5a8d16e6000006bc5a8d16e6000006bc5a8d16e600
2026-03-21 06:55:30.393,FIN-WS17,morgan.sato,1,outlook.exe,"outlook.exe",launchd,,,SHA256=00010b50498bc6be00010b50498bc6be00010b50498bc6be00010b50498bc6be
2026-03-21 07:00:51.162,BLD-RUN-02,riley.kapoor,1,chrome.exe,"chrome.exe",launchd,,,SHA256=000099bb5647259b000099bb5647259b000099bb5647259b000099bb5647259b
2026-03-21 07:10:15.690,FIN-WS22,riley.kapoor,1,outlook.exe,"outlook.exe",launchd,,,SHA256=001fe0cd3ff03c2d001fe0cd3ff03c2d001fe0cd3ff03c2d001fe0cd3ff03c2d
2026-03-21 07:20:24.791,BLD-RUN-02,alex.chen,1,sshd,"sshd",systemd,,,SHA256=00012ddb073d771c00012ddb073d771c00012ddb073d771c00012ddb073d771c
2026-03-21 07:27:04.596,FIN-WS22,riley.kapoor,1,sshd,"sshd",launchd,,,SHA256=0008368c7d7066fc0008368c7d7066fc0008368c7d7066fc0008368c7d7066fc
2026-03-21 07:32:33.098,FIN-WS22,taylor.owens,1,sshd,"sshd",explorer.exe,,,SHA256=00218dd861dd6d3c00218dd861dd6d3c00218dd861dd6d3c00218dd861dd6d3c
2026-03-21 07:43:05.940,LINUX-JUMP-01,svc-build,1,chrome.exe,"chrome.exe",launchd,,,SHA256=00066c5e8b4eeb5600066c5e8b4eeb5600066c5e8b4eeb5600066c5e8b4eeb56
2026-03-21 07:46:15.197,FIN-WS22,jamie.patel,1,sshd,"sshd",explorer.exe,,,SHA256=001799f2e5bee2ca001799f2e5bee2ca001799f2e5bee2ca001799f2e5bee2ca
2026-03-21 07:55:30.483,LINUX-JUMP-01,morgan.sato,1,python3,"python3",explorer.exe,,,SHA256=0021bac619478a880021bac619478a880021bac619478a880021bac619478a88
2026-03-21 08:00:11.372,LINUX-JUMP-01,svc-build,1,node,"node",systemd,,,SHA256=000b97e977ae72d3000b97e977ae72d3000b97e977ae72d3000b97e977ae72d3
2026-03-21 08:05:12.225,FIN-WS17,riley.kapoor,1,git,"git",systemd,,,SHA256=0001f11f97cef2cb0001f11f97cef2cb0001f11f97cef2cb0001f11f97cef2cb
2026-03-21 08:14:37.018,LINUX-JUMP-01,svc-export,1,node,"node",cmd.exe,,,SHA256=001b7f11f181db14001b7f11f181db14001b7f11f181db14001b7f11f181db14
2026-03-21 08:24:08.494,FIN-WS22,alex.chen,1,powershell.exe,"powershell.exe",cmd.exe,,,SHA256=000f6e1a9b415758000f6e1a9b415758000f6e1a9b415758000f6e1a9b415758
2026-03-21 08:31:02.461,FIN-WS22,riley.kapoor,1,outlook.exe,"outlook.exe",explorer.exe,,,SHA256=001d4ea460b8949f001d4ea460b8949f001d4ea460b8949f001d4ea460b8949f
2026-03-21 08:34:47.528,ENG-MAC-04,svc-build,1,powershell.exe,"powershell.exe",launchd,,,SHA256=000b50684de9bca8000b50684de9bca8000b50684de9bca8000b50684de9bca8
2026-03-21 08:39:10.170,FIN-WS17,svc-export,1,powershell.exe,"powershell.exe",explorer.exe,,,SHA256=001e70ddd8492ecb001e70ddd8492ecb001e70ddd8492ecb001e70ddd8492ecb
2026-03-21 08:47:55.386,FIN-WS17,riley.kapoor,1,python3,"python3",systemd,,,SHA256=00016df5e37a250a00016df5e37a250a00016df5e37a250a00016df5e37a250a
2026-03-21 08:55:39.010,ENG-MAC-04,svc-build,1,chrome.exe,"chrome.exe",explorer.exe,,,SHA256=00122726c99d386000122726c99d386000122726c99d386000122726c99d3860
2026-03-21 09:07:07.146,ENG-MAC-17,morgan.sato,1,node,"node",cmd.exe,,,SHA256=00075a01fb80096a00075a01fb80096a00075a01fb80096a00075a01fb80096a
2026-03-21 09:18:33.315,ENG-MAC-04,riley.kapoor,1,node,"node",explorer.exe,,,SHA256=0013ef089f82c3020013ef089f82c3020013ef089f82c3020013ef089f82c302
2026-03-21 09:23:10.480,ENG-MAC-17,alex.chen,1,chrome.exe,"chrome.exe",cmd.exe,,,SHA256=0020173dc3b3ca600020173dc3b3ca600020173dc3b3ca600020173dc3b3ca60
2026-03-21 09:33:32.674,LINUX-JUMP-01,taylor.owens,1,python3,"python3",launchd,,,SHA256=0008ad7ca677ccdc0008ad7ca677ccdc0008ad7ca677ccdc0008ad7ca677ccdc
2026-03-21 09:39:42.818,FIN-WS22,svc-export,1,git,"git",systemd,,,SHA256=001e287c79a70575001e287c79a70575001e287c79a70575001e287c79a70575
2026-03-21 09:43:06.461,ENG-MAC-04,alex.chen,1,slack.exe,"slack.exe",cmd.exe,,,SHA256=001553d934f71c8f001553d934f71c8f001553d934f71c8f001553d934f71c8f
2026-03-21 09:50:06.431,ENG-MAC-04,svc-export,1,node,"node",cmd.exe,,,SHA256=001836ecb60afaba001836ecb60afaba001836ecb60afaba001836ecb60afaba
2026-03-21 09:56:15.245,LINUX-JUMP-01,alex.chen,1,git,"git",systemd,,,SHA256=0015eca428465b5c0015eca428465b5c0015eca428465b5c0015eca428465b5c
2026-03-21 10:00:58.899,ENG-MAC-17,riley.kapoor,1,sshd,"sshd",systemd,,,SHA256=001c05516b2a6e8d001c05516b2a6e8d001c05516b2a6e8d001c05516b2a6e8d
2026-03-21 10:03:29.366,ENG-MAC-17,alex.chen,1,python3,"python3",launchd,,,SHA256=00081be02f90799000081be02f90799000081be02f90799000081be02f907990
2026-03-21 10:08:19.545,BLD-RUN-02,svc-build,1,slack.exe,"slack.exe",launchd,,,SHA256=000cb8941832b3a5000cb8941832b3a5000cb8941832b3a5000cb8941832b3a5
2026-03-21 10:17:53.066,BLD-RUN-02,svc-export,1,node,"node",explorer.exe,,,SHA256=0010596c80efa92f0010596c80efa92f0010596c80efa92f0010596c80efa92f
2026-03-21 10:25:25.555,FIN-WS22,svc-export,1,python3,"python3",cmd.exe,,,SHA256=001443fc8fd3c95f001443fc8fd3c95f001443fc8fd3c95f001443fc8fd3c95f
2026-03-21 10:35:30.706,ENG-MAC-17,svc-build,1,chrome.exe,"chrome.exe",systemd,,,SHA256=0009cc511dc37ae20009cc511dc37ae20009cc511dc37ae20009cc511dc37ae2
2026-03-21 10:45:34.608,FIN-WS17,riley.kapoor,1,git,"git",launchd,,,SHA256=0003c0e2c060ba4a0003c0e2c060ba4a0003c0e2c060ba4a0003c0e2c060ba4a
2026-03-21 10:49:29.714,BLD-RUN-02,morgan.sato,1,node,"node",systemd,,,SHA256=00205bf934eae92400205bf934eae92400205bf934eae92400205bf934eae924
2026-03-21 11:00:43.989,ENG-MAC-04,alex.chen,1,git,"git",cmd.exe,,,SHA256=000da4e23066a6f7000da4e23066a6f7000da4e23066a6f7000da4e23066a6f7
2026-03-21 11:09:23.033,ENG-MAC-17,svc-export,1,chrome.exe,"chrome.exe",launchd,,,SHA256=001aab95944e5daa001aab95944e5daa001aab95944e5daa001aab95944e5daa
2026-03-21 11:16:59.261,ENG-MAC-17,riley.kapoor,1,git,"git",cmd.exe,,,SHA256=0007a356e7fb28fc0007a356e7fb28fc0007a356e7fb28fc0007a356e7fb28fc
2026-03-21 11:21:31.978,ENG-MAC-17,jamie.patel,1,sshd,"sshd",systemd,,,SHA256=00018fb56e39fd1100018fb56e39fd1100018fb56e39fd1100018fb56e39fd11
2026-03-21 11:29:58.711,LINUX-JUMP-01,taylor.owens,1,powershell.exe,"powershell.exe",launchd,,,SHA256=001b857c00dbfa49001b857c00dbfa49001b857c00dbfa49001b857c00dbfa49
2026-03-21 11:39:38.515,LINUX-JUMP-01,svc-export,1,node,"node",systemd,,,SHA256=002383ad7b56c4ce002383ad7b56c4ce002383ad7b56c4ce002383ad7b56c4ce
2026-03-21 11:49:02.906,ENG-MAC-04,svc-build,1,outlook.exe,"outlook.exe",systemd,,,SHA256=0003027a5dc00cad0003027a5dc00cad0003027a5dc00cad0003027a5dc00cad
2026-03-21 11:54:34.113,BLD-RUN-02,alex.chen,1,node,"node",launchd,,,SHA256=0002528ceb4c47510002528ceb4c47510002528ceb4c47510002528ceb4c4751
2026-03-21 12:05:11.822,ENG-MAC-17,svc-export,1,git,"git",explorer.exe,,,SHA256=000eb41dda567daa000eb41dda567daa000eb41dda567daa000eb41dda567daa
2026-03-21 12:08:00.451,ENG-MAC-17,jamie.patel,1,chrome.exe,"chrome.exe",systemd,,,SHA256=000f6077ba64127a000f6077ba64127a000f6077ba64127a000f6077ba64127a
2026-03-21 12:13:35.128,ENG-MAC-17,morgan.sato,1,chrome.exe,"chrome.exe",systemd,,,SHA256=0009bd652e2c12770009bd652e2c12770009bd652e2c12770009bd652e2c1277
2026-03-21 12:21:35.366,FIN-WS22,svc-build,1,node,"node",cmd.exe,,,SHA256=000267d8c06f0c40000267d8c06f0c40000267d8c06f0c40000267d8c06f0c40
2026-03-21 12:25:34.339,LINUX-JUMP-01,morgan.sato,1,node,"node",cmd.exe,,,SHA256=00212ccaaa5a285600212ccaaa5a285600212ccaaa5a285600212ccaaa5a2856
2026-03-21 12:30:25.573,ENG-MAC-04,svc-export,1,git,"git",explorer.exe,,,SHA256=001cd0d5b2f7519e001cd0d5b2f7519e001cd0d5b2f7519e001cd0d5b2f7519e
2026-03-21 12:40:58.669,FIN-WS17,morgan.sato,1,sshd,"sshd",cmd.exe,,,SHA256=0015f9e5b3d945170015f9e5b3d945170015f9e5b3d945170015f9e5b3d94517
2026-03-21 12:45:05.801,FIN-WS22,jamie.patel,1,powershell.exe,"powershell.exe",explorer.exe,,,SHA256=000c639f456563bf000c639f456563bf000c639f456563bf000c639f456563bf
2026-03-21 12:54:29.552,ENG-MAC-04,alex.chen,1,chrome.exe,"chrome.exe",explorer.exe,,,SHA256=001d420dbbb4b3ea001d420dbbb4b3ea001d420dbbb4b3ea001d420dbbb4b3ea
2026-03-21 13:04:32.125,BLD-RUN-02,svc-build,1,git,"git",explorer.exe,,,SHA256=000365312c36af6c000365312c36af6c000365312c36af6c000365312c36af6c
2026-03-21 13:10:51.915,BLD-RUN-02,jamie.patel,1,chrome.exe,"chrome.exe",systemd,,,SHA256=000e74fcae5bda6b000e74fcae5bda6b000e74fcae5bda6b000e74fcae5bda6b
2026-03-21 13:17:15.387,ENG-MAC-17,riley.kapoor,1,powershell.exe,"powershell.exe",explorer.exe,,,SHA256=000a611b5395bab5000a611b5395bab5000a611b5395bab5000a611b5395bab5
2026-03-21 13:20:43.407,BLD-RUN-02,jamie.patel,1,node,"node",cmd.exe,,,SHA256=000dcaadf3ad31e9000dcaadf3ad31e9000dcaadf3ad31e9000dcaadf3ad31e9
2026-03-21 13:24:48.727,LINUX-JUMP-01,alex.chen,1,chrome.exe,"chrome.exe",systemd,,,SHA256=001e8b2cba0384dd001e8b2cba0384dd001e8b2cba0384dd001e8b2cba0384dd
2026-03-21 13:32:35.929,FIN-WS22,alex.chen,1,node,"node",systemd,,,SHA256=001619ad5f9d10f9001619ad5f9d10f9001619ad5f9d10f9001619ad5f9d10f9
2026-03-21 13:38:21.383,FIN-WS22,alex.chen,1,chrome.exe,"chrome.exe",cmd.exe,,,SHA256=001cd0f5a217e48a001cd0f5a217e48a001cd0f5a217e48a001cd0f5a217e48a
2026-03-21 13:44:56.924,ENG-MAC-17,alex.chen,1,chrome.exe,"chrome.exe",launchd,,,SHA256=001b5e2197a9b13a001b5e2197a9b13a001b5e2197a9b13a001b5e2197a9b13a
2026-03-21 13:50:39.019,FIN-WS22,svc-export,1,powershell.exe,"powershell.exe",launchd,,,SHA256=0009613e3799f02b0009613e3799f02b0009613e3799f02b0009613e3799f02b
2026-03-21 13:57:41.004,FIN-WS22,riley.kapoor,1,chrome.exe,"chrome.exe",cmd.exe,,,SHA256=0008a68e31ac1d680008a68e31ac1d680008a68e31ac1d680008a68e31ac1d68
2026-03-21 14:08:48.993,ENG-MAC-04,svc-export,1,git,"git",launchd,,,SHA256=000c92c57258bcab000c92c57258bcab000c92c57258bcab000c92c57258bcab
2026-03-21 14:13:55.644,ENG-MAC-04,alex.chen,1,python3,"python3",launchd,,,SHA256=00013499ea8df3a600013499ea8df3a600013499ea8df3a600013499ea8df3a6
2026-03-21 14:23:37.082,ENG-MAC-17,svc-export,1,sshd,"sshd",cmd.exe,,,SHA256=001511225c20fe56001511225c20fe56001511225c20fe56001511225c20fe56
2026-03-21 14:27:27.754,BLD-RUN-02,riley.kapoor,1,python3,"python3",launchd,,,SHA256=0015c35c019328070015c35c019328070015c35c019328070015c35c01932807
2026-03-21 14:36:00.309,ENG-MAC-17,taylor.owens,1,sshd,"sshd",cmd.exe,,,SHA256=0010c8ff8963580b0010c8ff8963580b0010c8ff8963580b0010c8ff8963580b
2026-03-21 14:40:31.113,FIN-WS17,svc-build,1,sshd,"sshd",cmd.exe,,,SHA256=000b0be8be61335c000b0be8be61335c000b0be8be61335c000b0be8be61335c
2026-03-21 14:43:08.652,BLD-RUN-02,taylor.owens,1,python3,"python3",explorer.exe,,,SHA256=000c9b47f30364a1000c9b47f30364a1000c9b47f30364a1000c9b47f30364a1
2026-03-21 14:48:17.735,BLD-RUN-02,alex.chen,1,python3,"python3",launchd,,,SHA256=001e9076a35f5a44001e9076a35f5a44001e9076a35f5a44001e9076a35f5a44
2026-03-21 14:59:06.531,ENG-MAC-04,svc-build,1,powershell.exe,"powershell.exe",cmd.exe,,,SHA256=0021dc62babbc69e0021dc62babbc69e0021dc62babbc69e0021dc62babbc69e
2026-03-21 15:05:49.387,ENG-MAC-17,morgan.sato,1,node,"node",cmd.exe,,,SHA256=00005ca0a0a0f86f00005ca0a0a0f86f00005ca0a0a0f86f00005ca0a0a0f86f
2026-03-21 15:11:53.097,ENG-MAC-04,alex.chen,1,node,"node",explorer.exe,,,SHA256=00218657ff73ca1400218657ff73ca1400218657ff73ca1400218657ff73ca14
2026-03-21 15:14:28.593,FIN-WS17,taylor.owens,1,chrome.exe,"chrome.exe",explorer.exe,,,SHA256=000e1f6d9b6bfc34000e1f6d9b6bfc34000e1f6d9b6bfc34000e1f6d9b6bfc34
2026-03-21 15:23:18.469,FIN-WS17,riley.kapoor,1,chrome.exe,"chrome.exe",systemd,,,SHA256=00121e0900db64dd00121e0900db64dd00121e0900db64dd00121e0900db64dd
2026-03-21 15:33:41.577,FIN-WS22,svc-build,1,powershell.exe,"powershell.exe",systemd,,,SHA256=000328e64a1dfe54000328e64a1dfe54000328e64a1dfe54000328e64a1dfe54
2026-03-21 15:37:01.194,ENG-MAC-04,alex.chen,1,chrome.exe,"chrome.exe",launchd,,,SHA256=001eb0569200a0fb001eb0569200a0fb001eb0569200a0fb001eb0569200a0fb
2026-03-21 15:46:08.749,FIN-WS17,jamie.patel,1,outlook.exe,"outlook.exe",systemd,,,SHA256=00109d098ee8a21000109d098ee8a21000109d098ee8a21000109d098ee8a210
2026-03-21 15:50:30.330,FIN-WS22,alex.chen,1,python3,"python3",launchd,,,SHA256=00017345d40bbd4700017345d40bbd4700017345d40bbd4700017345d40bbd47
2026-03-21 15:57:51.422,BLD-RUN-02,jamie.patel,1,sshd,"sshd",explorer.exe,,,SHA256=000dbe38d84b2967000dbe38d84b2967000dbe38d84b2967000dbe38d84b2967
2026-03-21 16:08:43.674,ENG-MAC-17,svc-build,1,node,"node",systemd,,,SHA256=001261245a8e9063001261245a8e9063001261245a8e9063001261245a8e9063
2026-03-21 16:19:26.615,ENG-MAC-04,morgan.sato,1,powershell.exe,"powershell.exe",cmd.exe,,,SHA256=001b1108ac9669b3001b1108ac9669b3001b1108ac9669b3001b1108ac9669b3
2026-03-21 16:26:51.782,LINUX-JUMP-01,taylor.owens,1,node,"node",explorer.exe,,,SHA256=000fd3be4197f9dd000fd3be4197f9dd000fd3be4197f9dd000fd3be4197f9dd
2026-03-21 16:37:54.893,BLD-RUN-02,taylor.owens,1,slack.exe,"slack.exe",explorer.exe,,,SHA256=0000cb72ec8c8c650000cb72ec8c8c650000cb72ec8c8c650000cb72ec8c8c65
2026-03-21 16:44:05.556,FIN-WS22,riley.kapoor,1,outlook.exe,"outlook.exe",launchd,,,SHA256=0013a8478ae86da10013a8478ae86da10013a8478ae86da10013a8478ae86da1
2026-03-21 16:48:09.334,FIN-WS17,alex.chen,1,sshd,"sshd",systemd,,,SHA256=00037213fb85481e00037213fb85481e00037213fb85481e00037213fb85481e
2026-03-21 16:55:23.300,FIN-WS22,taylor.owens,1,powershell.exe,"powershell.exe",explorer.exe,,,SHA256=00003c76f219e5a300003c76f219e5a300003c76f219e5a300003c76f219e5a3
2026-03-21 17:04:26.829,BLD-RUN-02,taylor.owens,1,slack.exe,"slack.exe",systemd,,,SHA256=001e441241c57df2001e441241c57df2001e441241c57df2001e441241c57df2
2026-03-21 17:13:41.258,FIN-WS22,svc-build,1,slack.exe,"slack.exe",explorer.exe,,,SHA256=001bb69d182bc5cd001bb69d182bc5cd001bb69d182bc5cd001bb69d182bc5cd
2026-03-21 17:17:06.060,FIN-WS17,alex.chen,1,chrome.exe,"chrome.exe",explorer.exe,,,SHA256=000586fb201066f7000586fb201066f7000586fb201066f7000586fb201066f7
2026-03-21 17:23:49.795,ENG-MAC-04,svc-export,1,node,"node",launchd,,,SHA256=000bd65e0cab7e25000bd65e0cab7e25000bd65e0cab7e25000bd65e0cab7e25
2026-03-21 17:34:29.604,LINUX-JUMP-01,svc-build,1,chrome.exe,"chrome.exe",launchd,,,SHA256=002336760b58be12002336760b58be12002336760b58be12002336760b58be12
2026-03-21 17:37:05.488,ENG-MAC-17,svc-export,1,git,"git",cmd.exe,,,SHA256=0016bae4cad2f7410016bae4cad2f7410016bae4cad2f7410016bae4cad2f741
2026-03-21 17:44:30.765,BLD-RUN-02,svc-build,1,outlook.exe,"outlook.exe",launchd,,,SHA256=000a41d95a0d9204000a41d95a0d9204000a41d95a0d9204000a41d95a0d9204
2026-03-21 17:48:07.523,BLD-RUN-02,riley.kapoor,1,sshd,"sshd",launchd,,,SHA256=001ec5603be914ee001ec5603be914ee001ec5603be914ee001ec5603be914ee
2026-03-21 17:57:38.826,FIN-WS17,svc-export,1,powershell.exe,"powershell.exe",cmd.exe,,,SHA256=000e2de9b830abb2000e2de9b830abb2000e2de9b830abb2000e2de9b830abb2
2026-03-21 18:02:34.925,ENG-MAC-04,svc-export,1,git,"git",launchd,,,SHA256=0008ba35ad9bdb1c0008ba35ad9bdb1c0008ba35ad9bdb1c0008ba35ad9bdb1c
2026-03-21 18:09:39.577,FIN-WS17,svc-build,1,python3,"python3",launchd,,,SHA256=000d8b3d2800b4b3000d8b3d2800b4b3000d8b3d2800b4b3000d8b3d2800b4b3
2026-03-21 18:17:39.274,FIN-WS17,svc-build,1,node,"node",explorer.exe,,,SHA256=0021a407201701100021a407201701100021a407201701100021a40720170110
2026-03-21 18:23:01.063,FIN-WS17,svc-export,1,chrome.exe,"chrome.exe",explorer.exe,,,SHA256=0012a3703e3d8a1e0012a3703e3d8a1e0012a3703e3d8a1e0012a3703e3d8a1e
2026-03-21 18:33:15.668,BLD-RUN-02,alex.chen,1,chrome.exe,"chrome.exe",cmd.exe,,,SHA256=0022dd686b89fec40022dd686b89fec40022dd686b89fec40022dd686b89fec4
2026-03-21 18:40:57.650,ENG-MAC-17,taylor.owens,1,slack.exe,"slack.exe",cmd.exe,,,SHA256=001bb0e7c2086794001bb0e7c2086794001bb0e7c2086794001bb0e7c2086794
2026-03-21 18:47:32.846,BLD-RUN-02,svc-build,1,node,"node",cmd.exe,,,SHA256=000fed1b40a1e09f000fed1b40a1e09f000fed1b40a1e09f000fed1b40a1e09f
2026-03-21 18:51:18.610,FIN-WS22,taylor.owens,1,sshd,"sshd",launchd,,,SHA256=00008b34cdebd68a00008b34cdebd68a00008b34cdebd68a00008b34cdebd68a
2026-03-21 18:59:51.479,ENG-MAC-17,svc-build,1,python3,"python3",explorer.exe,,,SHA256=001790bb6e3f6d5e001790bb6e3f6d5e001790bb6e3f6d5e001790bb6e3f6d5e
2026-03-21 19:10:50.568,BLD-RUN-02,jamie.patel,1,chrome.exe,"chrome.exe",cmd.exe,,,SHA256=0009ff16dc448dda0009ff16dc448dda0009ff16dc448dda0009ff16dc448dda
2026-03-21 19:19:17.796,FIN-WS22,alex.chen,1,powershell.exe,"powershell.exe",systemd,,,SHA256=0022612e5c7b6a380022612e5c7b6a380022612e5c7b6a380022612e5c7b6a38
2026-03-21 19:22:16.274,BLD-RUN-02,riley.kapoor,1,python3,"python3",launchd,,,SHA256=00115fe30a20ad8c00115fe30a20ad8c00115fe30a20ad8c00115fe30a20ad8c
2026-03-21 19:29:27.798,ENG-MAC-04,alex.chen,1,python3,"python3",explorer.exe,,,SHA256=00096bca287d095500096bca287d095500096bca287d095500096bca287d0955
2026-03-21 19:40:35.273,ENG-MAC-04,morgan.sato,1,outlook.exe,"outlook.exe",systemd,,,SHA256=0006bbec2ebf02df0006bbec2ebf02df0006bbec2ebf02df0006bbec2ebf02df
2026-03-21 19:50:55.475,ENG-MAC-04,alex.chen,1,git,"git",explorer.exe,,,SHA256=0014b76d0b0cce750014b76d0b0cce750014b76d0b0cce750014b76d0b0cce75
2026-03-21 19:54:45.202,ENG-MAC-17,jamie.patel,1,outlook.exe,"outlook.exe",launchd,,,SHA256=000d13112a26409d000d13112a26409d000d13112a26409d000d13112a26409d
2026-03-21 20:02:26.543,FIN-WS22,morgan.sato,1,python3,"python3",explorer.exe,,,SHA256=00074901f23475da00074901f23475da00074901f23475da00074901f23475da
2026-03-21 20:07:25.533,FIN-WS22,alex.chen,1,git,"git",launchd,,,SHA256=000f23b0a648579f000f23b0a648579f000f23b0a648579f000f23b0a648579f
2026-03-21 20:14:57.345,BLD-RUN-02,riley.kapoor,1,python3,"python3",cmd.exe,,,SHA256=000616c38950a979000616c38950a979000616c38950a979000616c38950a979
2026-03-21 20:21:38.736,LINUX-JUMP-01,alex.chen,1,sshd,"sshd",cmd.exe,,,SHA256=001b89767fa05b9e001b89767fa05b9e001b89767fa05b9e001b89767fa05b9e
2026-03-21 20:31:46.696,BLD-RUN-02,svc-build,1,outlook.exe,"outlook.exe",launchd,,,SHA256=0006edd692b990600006edd692b990600006edd692b990600006edd692b99060
2026-03-21 20:39:06.937,ENG-MAC-04,jamie.patel,1,outlook.exe,"outlook.exe",cmd.exe,,,SHA256=00194042eb15a03b00194042eb15a03b00194042eb15a03b00194042eb15a03b
2026-03-21 20:44:26.572,ENG-MAC-04,taylor.owens,1,git,"git",explorer.exe,,,SHA256=000a4572883f8469000a4572883f8469000a4572883f8469000a4572883f8469
2026-03-21 20:48:55.294,ENG-MAC-04,alex.chen,1,slack.exe,"slack.exe",cmd.exe,,,SHA256=001183265631fa4f001183265631fa4f001183265631fa4f001183265631fa4f
2026-03-21 20:58:05.657,LINUX-JUMP-01,taylor.owens,1,git,"git",launchd,,,SHA256=001735d199917a1f001735d199917a1f001735d199917a1f001735d199917a1f
2026-03-21 21:06:16.417,LINUX-JUMP-01,svc-export,1,chrome.exe,"chrome.exe",launchd,,,SHA256=001c72029e995176001c72029e995176001c72029e995176001c72029e995176
2026-03-21 21:10:17.907,ENG-MAC-04,svc-build,1,powershell.exe,"powershell.exe",systemd,,,SHA256=0015e271399ae6ee0015e271399ae6ee0015e271399ae6ee0015e271399ae6ee
2026-03-21 21:18:03.293,FIN-WS22,svc-build,1,outlook.exe,"outlook.exe",systemd,,,SHA256=002301b257a8edd8002301b257a8edd8002301b257a8edd8002301b257a8edd8
2026-03-21 21:26:36.395,ENG-MAC-04,svc-build,1,sshd,"sshd",explorer.exe,,,SHA256=00181dc0571a319100181dc0571a319100181dc0571a319100181dc0571a3191
2026-03-21 21:33:41.311,ENG-MAC-17,alex.chen,1,git,"git",launchd,,,SHA256=001c312ac0582e39001c312ac0582e39001c312ac0582e39001c312ac0582e39
2026-03-21 21:45:10.845,BLD-RUN-02,morgan.sato,1,git,"git",launchd,,,SHA256=002221aa2b55f8b6002221aa2b55f8b6002221aa2b55f8b6002221aa2b55f8b6
2026-03-21 21:48:03.090,ENG-MAC-04,jamie.patel,1,powershell.exe,"powershell.exe",explorer.exe,,,SHA256=00111a5149da924200111a5149da924200111a5149da924200111a5149da9242
2026-03-21 21:57:15.368,FIN-WS17,svc-export,1,sshd,"sshd",launchd,,,SHA256=0014e693f312bbf50014e693f312bbf50014e693f312bbf50014e693f312bbf5
2026-03-21 22:04:52.948,ENG-MAC-17,jamie.patel,1,powershell.exe,"powershell.exe",launchd,,,SHA256=001180a8c9f94510001180a8c9f94510001180a8c9f94510001180a8c9f94510
2026-03-21 22:16:11.062,FIN-WS17,riley.kapoor,1,python3,"python3",systemd,,,SHA256=001d763ba258b2f3001d763ba258b2f3001d763ba258b2f3001d763ba258b2f3
2026-03-21 22:21:20.969,BLD-RUN-02,svc-build,1,sshd,"sshd",systemd,,,SHA256=000453d2308893fc000453d2308893fc000453d2308893fc000453d2308893fc
2026-03-21 22:28:16.231,FIN-WS17,jamie.patel,1,node,"node",launchd,,,SHA256=0000916db33aded00000916db33aded00000916db33aded00000916db33aded0
2026-03-21 22:36:09.769,ENG-MAC-17,svc-build,1,sshd,"sshd",launchd,,,SHA256=001da747d1d3fdac001da747d1d3fdac001da747d1d3fdac001da747d1d3fdac
2026-03-21 22:39:35.142,ENG-MAC-04,morgan.sato,1,node,"node",explorer.exe,,,SHA256=0013bf92c3e0a1d80013bf92c3e0a1d80013bf92c3e0a1d80013bf92c3e0a1d8
2026-03-21 22:48:50.148,FIN-WS22,riley.kapoor,1,python3,"python3",cmd.exe,,,SHA256=0005f78638b7c5590005f78638b7c5590005f78638b7c5590005f78638b7c559
2026-03-21 22:57:24.325,FIN-WS17,taylor.owens,1,outlook.exe,"outlook.exe",launchd,,,SHA256=0014735d5fd369690014735d5fd369690014735d5fd369690014735d5fd36969
2026-03-21 23:02:24.983,FIN-WS17,riley.kapoor,1,sshd,"sshd",launchd,,,SHA256=000d7e8ea5b53661000d7e8ea5b53661000d7e8ea5b53661000d7e8ea5b53661
2026-03-21 23:11:53.577,FIN-WS22,svc-export,1,git,"git",launchd,,,SHA256=0023648a3e3c36200023648a3e3c36200023648a3e3c36200023648a3e3c3620
2026-03-21 23:19:13.819,FIN-WS22,jamie.patel,1,node,"node",launchd,,,SHA256=0009b6638a07040f0009b6638a07040f0009b6638a07040f0009b6638a07040f
2026-03-21 23:23:06.940,LINUX-JUMP-01,jamie.patel,1,powershell.exe,"powershell.exe",launchd,,,SHA256=0003068219320e4a0003068219320e4a0003068219320e4a0003068219320e4a
2026-03-21 23:27:53.740,BLD-RUN-02,riley.kapoor,1,sshd,"sshd",explorer.exe,,,SHA256=001eb892fa6971a8001eb892fa6971a8001eb892fa6971a8001eb892fa6971a8
2026-03-21 23:34:27.049,ENG-MAC-17,svc-build,1,node,"node",systemd,,,SHA256=001bd59a011fa689001bd59a011fa689001bd59a011fa689001bd59a011fa689
2026-03-21 23:38:05.226,FIN-WS17,alex.chen,1,node,"node",launchd,,,SHA256=001d0d89aec32eb8001d0d89aec32eb8001d0d89aec32eb8001d0d89aec32eb8
2026-03-21 23:47:54.372,FIN-WS17,riley.kapoor,1,node,"node",cmd.exe,,,SHA256=000c916338feccc4000c916338feccc4000c916338feccc4000c916338feccc4
2026-03-21 23:57:14.853,BLD-RUN-02,alex.chen,1,chrome.exe,"chrome.exe",systemd,,,SHA256=001d0ade8537139d001d0ade8537139d001d0ade8537139d001d0ade8537139d
2026-03-22 00:02:51.000,FIN-WS17,taylor.owens,1,python3,"python3",cmd.exe,,,SHA256=0005349df35c61530005349df35c61530005349df35c61530005349df35c6153
2026-03-22 00:09:39.767,ENG-MAC-04,alex.chen,1,git,"git",systemd,,,SHA256=000ac76b63f32a52000ac76b63f32a52000ac76b63f32a52000ac76b63f32a52
2026-03-22 00:17:06.749,BLD-RUN-02,svc-export,1,chrome.exe,"chrome.exe",cmd.exe,,,SHA256=0012e1fd05feea6a0012e1fd05feea6a0012e1fd05feea6a0012e1fd05feea6a
2026-03-22 00:27:02.042,ENG-MAC-04,riley.kapoor,1,slack.exe,"slack.exe",systemd,,,SHA256=00085e2e099faf7f00085e2e099faf7f00085e2e099faf7f00085e2e099faf7f
2026-03-22 00:31:23.477,ENG-MAC-04,svc-export,1,git,"git",cmd.exe,,,SHA256=000a55c8d8b00dc4000a55c8d8b00dc4000a55c8d8b00dc4000a55c8d8b00dc4
2026-03-22 00:40:54.128,ENG-MAC-17,riley.kapoor,1,python3,"python3",explorer.exe,,,SHA256=001cecfb0e67f7c1001cecfb0e67f7c1001cecfb0e67f7c1001cecfb0e67f7c1
2026-03-22 00:46:21.645,FIN-WS17,jamie.patel,1,git,"git",launchd,,,SHA256=0000c33bb4857c930000c33bb4857c930000c33bb4857c930000c33bb4857c93
2026-03-22 00:48:59.708,ENG-MAC-17,morgan.sato,1,chrome.exe,"chrome.exe",cmd.exe,,,SHA256=000b93e35f586535000b93e35f586535000b93e35f586535000b93e35f586535
2026-03-22 00:52:51.258,BLD-RUN-02,svc-build,1,chrome.exe,"chrome.exe",explorer.exe,,,SHA256=000c27a8472d1da6000c27a8472d1da6000c27a8472d1da6000c27a8472d1da6
2026-03-22 01:01:47.453,LINUX-JUMP-01,taylor.owens,1,python3,"python3",systemd,,,SHA256=001314f6a9fbd949001314f6a9fbd949001314f6a9fbd949001314f6a9fbd949
2026-03-22 01:06:57.473,ENG-MAC-17,jamie.patel,1,slack.exe,"slack.exe",launchd,,,SHA256=0021e76c55ff81da0021e76c55ff81da0021e76c55ff81da0021e76c55ff81da
2026-03-22 01:16:18.239,FIN-WS22,riley.kapoor,1,node,"node",cmd.exe,,,SHA256=000aef0f4ffb4ec5000aef0f4ffb4ec5000aef0f4ffb4ec5000aef0f4ffb4ec5
2026-03-22 01:23:49.263,BLD-RUN-02,svc-export,1,python3,"python3",systemd,,,SHA256=001e40bf9a05eec6001e40bf9a05eec6001e40bf9a05eec6001e40bf9a05eec6
2026-03-22 01:29:19.542,BLD-RUN-02,alex.chen,1,powershell.exe,"powershell.exe",launchd,,,SHA256=000c4ce4fc5b8816000c4ce4fc5b8816000c4ce4fc5b8816000c4ce4fc5b8816
2026-03-22 01:40:27.661,LINUX-JUMP-01,alex.chen,1,chrome.exe,"chrome.exe",explorer.exe,,,SHA256=0008022b5a118ba00008022b5a118ba00008022b5a118ba00008022b5a118ba0
2026-03-22 01:45:03.855,ENG-MAC-04,taylor.owens,1,python3,"python3",explorer.exe,,,SHA256=0009df993a3afddd0009df993a3afddd0009df993a3afddd0009df993a3afddd
2026-03-22 01:47:48.244,ENG-MAC-17,svc-build,1,chrome.exe,"chrome.exe",explorer.exe,,,SHA256=001eb86a34ed7c74001eb86a34ed7c74001eb86a34ed7c74001eb86a34ed7c74
2026-03-22 01:54:21.078,FIN-WS22,svc-build,1,python3,"python3",launchd,,,SHA256=000ff509914179b7000ff509914179b7000ff509914179b7000ff509914179b7
2026-03-22 02:00:40.608,ENG-MAC-04,svc-export,1,chrome.exe,"chrome.exe",cmd.exe,,,SHA256=00035b474a23f78600035b474a23f78600035b474a23f78600035b474a23f786
2026-03-22 02:10:17.973,ENG-MAC-17,svc-build,1,sshd,"sshd",explorer.exe,,,SHA256=0004ea0c1d0e094c0004ea0c1d0e094c0004ea0c1d0e094c0004ea0c1d0e094c
2026-03-22 02:16:25.758,FIN-WS22,riley.kapoor,1,sshd,"sshd",launchd,,,SHA256=00139e625519a10700139e625519a10700139e625519a10700139e625519a107
2026-03-22 02:24:30.891,ENG-MAC-04,svc-export,1,python3,"python3",explorer.exe,,,SHA256=0003699f2cf0359c0003699f2cf0359c0003699f2cf0359c0003699f2cf0359c
2026-03-22 02:33:20.418,ENG-MAC-04,morgan.sato,1,chrome.exe,"chrome.exe",systemd,,,SHA256=000c598d9878b8f6000c598d9878b8f6000c598d9878b8f6000c598d9878b8f6
2026-03-22 02:44:41.110,FIN-WS22,morgan.sato,1,node,"node",explorer.exe,,,SHA256=0014d5b7a958aa880014d5b7a958aa880014d5b7a958aa880014d5b7a958aa88
2026-03-22 02:54:55.417,LINUX-JUMP-01,taylor.owens,1,python3,"python3",explorer.exe,,,SHA256=000e5266821de757000e5266821de757000e5266821de757000e5266821de757
2026-03-22 03:03:35.246,FIN-WS22,taylor.owens,1,chrome.exe,"chrome.exe",launchd,,,SHA256=000c7958b4ebba9e000c7958b4ebba9e000c7958b4ebba9e000c7958b4ebba9e
2026-03-22 03:06:43.423,ENG-MAC-17,alex.chen,1,node,"node",explorer.exe,,,SHA256=0000c805bbe6b2990000c805bbe6b2990000c805bbe6b2990000c805bbe6b299
2026-03-22 03:10:16.315,FIN-WS22,svc-export,1,outlook.exe,"outlook.exe",launchd,,,SHA256=0005f776bb8e6b280005f776bb8e6b280005f776bb8e6b280005f776bb8e6b28
2026-03-22 03:13:09.424,ENG-MAC-17,morgan.sato,1,sshd,"sshd",launchd,,,SHA256=0022d7c75da2ec440022d7c75da2ec440022d7c75da2ec440022d7c75da2ec44
2026-03-22 03:23:24.169,FIN-WS22,jamie.patel,1,chrome.exe,"chrome.exe",systemd,,,SHA256=0020eaa2a128f4760020eaa2a128f4760020eaa2a128f4760020eaa2a128f476
2026-03-22 03:30:25.479,FIN-WS17,svc-build,1,node,"node",systemd,,,SHA256=00189e071a329fe000189e071a329fe000189e071a329fe000189e071a329fe0
2026-03-22 03:36:27.132,FIN-WS17,svc-build,1,python3,"python3",launchd,,,SHA256=000dec787a57e269000dec787a57e269000dec787a57e269000dec787a57e269
2026-03-22 03:41:29.388,LINUX-JUMP-01,svc-export,1,slack.exe,"slack.exe",systemd,,,SHA256=0008900682b7502c0008900682b7502c0008900682b7502c0008900682b7502c
2026-03-22 03:47:39.801,BLD-RUN-02,morgan.sato,1,outlook.exe,"outlook.exe",systemd,,,SHA256=0002ce2ae37c41420002ce2ae37c41420002ce2ae37c41420002ce2ae37c4142
2026-03-22 03:51:35.051,FIN-WS17,riley.kapoor,1,node,"node",explorer.exe,,,SHA256=000b7dbef3ba8e7e000b7dbef3ba8e7e000b7dbef3ba8e7e000b7dbef3ba8e7e
2026-03-22 03:59:25.099,ENG-MAC-04,alex.chen,1,sshd,"sshd",launchd,,,SHA256=002048003eaa82ac002048003eaa82ac002048003eaa82ac002048003eaa82ac
2026-03-22 04:09:40.422,LINUX-JUMP-01,morgan.sato,1,powershell.exe,"powershell.exe",cmd.exe,,,SHA256=000eafe3b1c63876000eafe3b1c63876000eafe3b1c63876000eafe3b1c63876
2026-03-22 04:19:51.786,ENG-MAC-17,alex.chen,1,outlook.exe,"outlook.exe",explorer.exe,,,SHA256=00143386948a070600143386948a070600143386948a070600143386948a0706
2026-03-22 04:30:47.073,LINUX-JUMP-01,morgan.sato,1,slack.exe,"slack.exe",explorer.exe,,,SHA256=001808ee5acae7ea001808ee5acae7ea001808ee5acae7ea001808ee5acae7ea
2026-03-22 04:36:21.773,ENG-MAC-17,riley.kapoor,1,node,"node",launchd,,,SHA256=001aa343416276f4001aa343416276f4001aa343416276f4001aa343416276f4
2026-03-22 04:42:03.521,FIN-WS17,svc-build,1,chrome.exe,"chrome.exe",launchd,,,SHA256=000fc81dcf1b610c000fc81dcf1b610c000fc81dcf1b610c000fc81dcf1b610c
2026-03-22 04:51:34.685,FIN-WS17,alex.chen,1,node,"node",explorer.exe,,,SHA256=00182e123b64592700182e123b64592700182e123b64592700182e123b645927
2026-03-22 04:54:52.592,ENG-MAC-04,riley.kapoor,1,chrome.exe,"chrome.exe",systemd,,,SHA256=000a495bfd810adf000a495bfd810adf000a495bfd810adf000a495bfd810adf
2026-03-22 05:05:40.283,BLD-RUN-02,alex.chen,1,outlook.exe,"outlook.exe",cmd.exe,,,SHA256=00166ca7df99906a00166ca7df99906a00166ca7df99906a00166ca7df99906a
2026-03-22 05:08:21.218,FIN-WS17,morgan.sato,1,sshd,"sshd",cmd.exe,,,SHA256=000016870d8ebdda000016870d8ebdda000016870d8ebdda000016870d8ebdda
2026-03-22 05:12:22.423,BLD-RUN-02,svc-build,1,node,"node",systemd,,,SHA256=000afa75c873adef000afa75c873adef000afa75c873adef000afa75c873adef
2026-03-22 05:22:59.191,BLD-RUN-02,taylor.owens,1,outlook.exe,"outlook.exe",systemd,,,SHA256=0000688b8b9674dd0000688b8b9674dd0000688b8b9674dd0000688b8b9674dd
2026-03-22 05:31:21.423,FIN-WS22,alex.chen,1,git,"git",launchd,,,SHA256=000b4cb7d73543da000b4cb7d73543da000b4cb7d73543da000b4cb7d73543da
2026-03-22 05:36:11.526,FIN-WS22,taylor.owens,1,slack.exe,"slack.exe",launchd,,,SHA256=0001b737b908ac530001b737b908ac530001b737b908ac530001b737b908ac53
2026-03-22 05:41:34.771,FIN-WS17,alex.chen,1,slack.exe,"slack.exe",systemd,,,SHA256=0003abf6a914a40d0003abf6a914a40d0003abf6a914a40d0003abf6a914a40d
2026-03-22 05:47:57.198,BLD-RUN-02,riley.kapoor,1,git,"git",cmd.exe,,,SHA256=0003a4d78d3f7ba70003a4d78d3f7ba70003a4d78d3f7ba70003a4d78d3f7ba7
2026-03-22 05:57:59.274,FIN-WS17,taylor.owens,1,powershell.exe,"powershell.exe",systemd,,,SHA256=0001df4b6974b7350001df4b6974b7350001df4b6974b7350001df4b6974b735
2026-03-22 06:01:45.162,ENG-MAC-17,alex.chen,1,chrome.exe,"chrome.exe",launchd,,,SHA256=00223cd2109fb4ec00223cd2109fb4ec00223cd2109fb4ec00223cd2109fb4ec
2026-03-22 06:07:10.858,ENG-MAC-04,jamie.patel,1,chrome.exe,"chrome.exe",cmd.exe,,,SHA256=001812390231d815001812390231d815001812390231d815001812390231d815
2026-03-22 06:12:26.672,LINUX-JUMP-01,svc-export,1,slack.exe,"slack.exe",cmd.exe,,,SHA256=001fd74ae82996c6001fd74ae82996c6001fd74ae82996c6001fd74ae82996c6
2026-03-22 06:17:21.351,BLD-RUN-02,alex.chen,1,git,"git",cmd.exe,,,SHA256=0001973ec4f8df0f0001973ec4f8df0f0001973ec4f8df0f0001973ec4f8df0f
2026-03-22 06:28:41.049,ENG-MAC-17,svc-build,1,outlook.exe,"outlook.exe",systemd,,,SHA256=0008bdbc0fd1dc9c0008bdbc0fd1dc9c0008bdbc0fd1dc9c0008bdbc0fd1dc9c
2026-03-22 06:32:04.711,LINUX-JUMP-01,svc-build,1,outlook.exe,"outlook.exe",systemd,,,SHA256=001f507da218c9fa001f507da218c9fa001f507da218c9fa001f507da218c9fa
2026-03-22 06:40:00.173,FIN-WS22,jamie.patel,1,slack.exe,"slack.exe",systemd,,,SHA256=0000d999045239030000d999045239030000d999045239030000d99904523903
2026-03-22 06:45:08.288,ENG-MAC-04,taylor.owens,1,outlook.exe,"outlook.exe",launchd,,,SHA256=0000da9696c8ac210000da9696c8ac210000da9696c8ac210000da9696c8ac21
2026-03-22 06:56:35.097,ENG-MAC-17,riley.kapoor,1,chrome.exe,"chrome.exe",cmd.exe,,,SHA256=001b22b9f4248664001b22b9f4248664001b22b9f4248664001b22b9f4248664
2026-03-22 07:07:57.827,FIN-WS17,svc-build,1,sshd,"sshd",systemd,,,SHA256=0004c918d84ed2990004c918d84ed2990004c918d84ed2990004c918d84ed299
2026-03-22 07:17:16.307,FIN-WS22,taylor.owens,1,chrome.exe,"chrome.exe",explorer.exe,,,SHA256=00072d76ad4439ee00072d76ad4439ee00072d76ad4439ee00072d76ad4439ee
2026-03-22 07:23:48.050,FIN-WS17,jamie.patel,1,node,"node",explorer.exe,,,SHA256=001e64f8a1d348c7001e64f8a1d348c7001e64f8a1d348c7001e64f8a1d348c7
2026-03-22 07:35:17.270,ENG-MAC-04,svc-export,1,sshd,"sshd",explorer.exe,,,SHA256=00146d72d64de4c300146d72d64de4c300146d72d64de4c300146d72d64de4c3
2026-03-22 07:46:03.778,BLD-RUN-02,taylor.owens,1,python3,"python3",cmd.exe,,,SHA256=001d415874622930001d415874622930001d415874622930001d415874622930
2026-03-22 07:53:39.060,LINUX-JUMP-01,jamie.patel,1,outlook.exe,"outlook.exe",cmd.exe,,,SHA256=0014a9c1e660cf5c0014a9c1e660cf5c0014a9c1e660cf5c0014a9c1e660cf5c
2026-03-22 08:01:59.679,ENG-MAC-04,morgan.sato,1,outlook.exe,"outlook.exe",explorer.exe,,,SHA256=0007b8e4dee866810007b8e4dee866810007b8e4dee866810007b8e4dee86681
2026-03-22 08:06:11.935,LINUX-JUMP-01,svc-export,1,git,"git",systemd,,,SHA256=000af0f70e0bfb3e000af0f70e0bfb3e000af0f70e0bfb3e000af0f70e0bfb3e
2026-03-22 08:09:59.850,LINUX-JUMP-01,riley.kapoor,1,python3,"python3",cmd.exe,,,SHA256=001af8608e2cf8e0001af8608e2cf8e0001af8608e2cf8e0001af8608e2cf8e0
2026-03-22 08:14:37.915,FIN-WS22,jamie.patel,1,outlook.exe,"outlook.exe",cmd.exe,,,SHA256=001776ef5b1116e3001776ef5b1116e3001776ef5b1116e3001776ef5b1116e3
2026-03-22 08:25:41.573,LINUX-JUMP-01,svc-build,1,python3,"python3",explorer.exe,,,SHA256=000c1cbb00b89b73000c1cbb00b89b73000c1cbb00b89b73000c1cbb00b89b73
2026-03-22 08:36:56.489,FIN-WS17,riley.kapoor,1,git,"git",explorer.exe,,,SHA256=0003b9c4278d2fe00003b9c4278d2fe00003b9c4278d2fe00003b9c4278d2fe0
2026-03-22 08:44:00.707,LINUX-JUMP-01,morgan.sato,1,python3,"python3",launchd,,,SHA256=0018deac016386310018deac016386310018deac016386310018deac01638631
2026-03-22 08:51:03.739,FIN-WS22,svc-export,1,git,"git",explorer.exe,,,SHA256=001aeb966ed02f5e001aeb966ed02f5e001aeb966ed02f5e001aeb966ed02f5e
2026-03-22 09:01:19.292,FIN-WS17,jamie.patel,1,git,"git",explorer.exe,,,SHA256=001ce7fa9282cfe7001ce7fa9282cfe7001ce7fa9282cfe7001ce7fa9282cfe7
2026-03-22 09:11:33.267,LINUX-JUMP-01,morgan.sato,1,git,"git",systemd,,,SHA256=0004868886f86cb60004868886f86cb60004868886f86cb60004868886f86cb6
2026-03-22 09:16:49.091,FIN-WS17,svc-build,1,node,"node",cmd.exe,,,SHA256=0021399142d3648c0021399142d3648c0021399142d3648c0021399142d3648c
2026-03-22 09:26:35.460,FIN-WS17,morgan.sato,1,outlook.exe,"outlook.exe",explorer.exe,,,SHA256=0001d00e5ccee26c0001d00e5ccee26c0001d00e5ccee26c0001d00e5ccee26c
2026-03-22 09:31:07.894,ENG-MAC-17,jamie.patel,1,outlook.exe,"outlook.exe",cmd.exe,,,SHA256=000fc7782b86bbc8000fc7782b86bbc8000fc7782b86bbc8000fc7782b86bbc8
2026-03-22 09:37:29.732,BLD-RUN-02,taylor.owens,1,sshd,"sshd",explorer.exe,,,SHA256=001635dcfb10d151001635dcfb10d151001635dcfb10d151001635dcfb10d151
2026-03-22 09:46:18.549,ENG-MAC-04,taylor.owens,1,outlook.exe,"outlook.exe",launchd,,,SHA256=0021140dabe1bbc00021140dabe1bbc00021140dabe1bbc00021140dabe1bbc0
2026-03-22 09:53:32.523,FIN-WS22,jamie.patel,1,python3,"python3",launchd,,,SHA256=000640afe538ddf2000640afe538ddf2000640afe538ddf2000640afe538ddf2
2026-03-22 10:02:03.807,FIN-WS22,svc-export,1,slack.exe,"slack.exe",launchd,,,SHA256=0006c0f4393474260006c0f4393474260006c0f4393474260006c0f439347426
2026-03-22 10:07:41.948,ENG-MAC-04,alex.chen,1,chrome.exe,"chrome.exe",launchd,,,SHA256=00142201cf33f44700142201cf33f44700142201cf33f44700142201cf33f447
2026-03-22 10:16:23.194,ENG-MAC-17,alex.chen,1,git,"git",launchd,,,SHA256=00016ef25cc69d8000016ef25cc69d8000016ef25cc69d8000016ef25cc69d80
2026-03-22 10:21:28.127,FIN-WS22,riley.kapoor,1,node,"node",cmd.exe,,,SHA256=000dcd796b8d7d98000dcd796b8d7d98000dcd796b8d7d98000dcd796b8d7d98
2026-03-22 10:29:21.233,FIN-WS22,jamie.patel,1,outlook.exe,"outlook.exe",cmd.exe,,,SHA256=0005457251d208b70005457251d208b70005457251d208b70005457251d208b7
2026-03-22 10:35:56.333,ENG-MAC-17,taylor.owens,1,git,"git",systemd,,,SHA256=001d944dfb38b4b0001d944dfb38b4b0001d944dfb38b4b0001d944dfb38b4b0
2026-03-22 10:44:09.501,ENG-MAC-04,taylor.owens,1,sshd,"sshd",systemd,,,SHA256=0009b76525466ae20009b76525466ae20009b76525466ae20009b76525466ae2
2026-03-22 10:49:38.245,BLD-RUN-02,alex.chen,1,slack.exe,"slack.exe",systemd,,,SHA256=000a463c821c2446000a463c821c2446000a463c821c2446000a463c821c2446
2026-03-22 10:59:08.077,FIN-WS22,morgan.sato,1,slack.exe,"slack.exe",cmd.exe,,,SHA256=001597c96d213153001597c96d213153001597c96d213153001597c96d213153
2026-03-22 11:09:44.692,BLD-RUN-02,svc-export,1,git,"git",launchd,,,SHA256=002283e5a3e39baa002283e5a3e39baa002283e5a3e39baa002283e5a3e39baa
2026-03-22 11:15:45.125,ENG-MAC-04,svc-build,1,slack.exe,"slack.exe",launchd,,,SHA256=0004b74aa69e49e00004b74aa69e49e00004b74aa69e49e00004b74aa69e49e0
2026-03-22 11:26:41.423,ENG-MAC-04,taylor.owens,1,python3,"python3",cmd.exe,,,SHA256=0003eddc851a25af0003eddc851a25af0003eddc851a25af0003eddc851a25af
2026-03-22 11:33:16.413,ENG-MAC-17,jamie.patel,1,outlook.exe,"outlook.exe",systemd,,,SHA256=0005d6cbf4be0b740005d6cbf4be0b740005d6cbf4be0b740005d6cbf4be0b74
2026-03-22 11:39:07.535,BLD-RUN-02,alex.chen,1,git,"git",launchd,,,SHA256=00126c22b93bcdd800126c22b93bcdd800126c22b93bcdd800126c22b93bcdd8
2026-03-22 11:49:59.760,ENG-MAC-17,riley.kapoor,1,sshd,"sshd",launchd,,,SHA256=0012117cd978aad90012117cd978aad90012117cd978aad90012117cd978aad9
2026-03-22 12:00:44.359,BLD-RUN-02,jamie.patel,1,sshd,"sshd",explorer.exe,,,SHA256=0014228324d43fc40014228324d43fc40014228324d43fc40014228324d43fc4
2026-03-22 12:03:42.477,ENG-MAC-04,svc-build,1,outlook.exe,"outlook.exe",systemd,,,SHA256=001ff08009c0e7be001ff08009c0e7be001ff08009c0e7be001ff08009c0e7be
2026-03-22 12:09:20.669,BLD-RUN-02,jamie.patel,1,git,"git",explorer.exe,,,SHA256=001f1ee5f3bc8cdd001f1ee5f3bc8cdd001f1ee5f3bc8cdd001f1ee5f3bc8cdd
2026-03-22 12:17:13.021,ENG-MAC-04,morgan.sato,1,node,"node",launchd,,,SHA256=0016b0f85d53de0e0016b0f85d53de0e0016b0f85d53de0e0016b0f85d53de0e
2026-03-22 12:21:08.269,ENG-MAC-04,svc-export,1,node,"node",cmd.exe,,,SHA256=00096ce5ff79a43d00096ce5ff79a43d00096ce5ff79a43d00096ce5ff79a43d
2026-03-22 12:27:31.196,LINUX-JUMP-01,taylor.owens,1,node,"node",cmd.exe,,,SHA256=0015f377448f27730015f377448f27730015f377448f27730015f377448f2773
2026-03-22 12:34:00.081,FIN-WS22,alex.chen,1,node,"node",explorer.exe,,,SHA256=001ae22f221c48e3001ae22f221c48e3001ae22f221c48e3001ae22f221c48e3
2026-03-22 12:44:24.363,LINUX-JUMP-01,riley.kapoor,1,git,"git",explorer.exe,,,SHA256=00049a278d6ab92600049a278d6ab92600049a278d6ab92600049a278d6ab926
2026-03-22 12:49:11.028,BLD-RUN-02,alex.chen,1,slack.exe,"slack.exe",explorer.exe,,,SHA256=00183c15a80a921600183c15a80a921600183c15a80a921600183c15a80a9216
2026-03-22 12:58:00.245,LINUX-JUMP-01,svc-build,1,outlook.exe,"outlook.exe",explorer.exe,,,SHA256=000580ca27f729fc000580ca27f729fc000580ca27f729fc000580ca27f729fc
2026-03-22 13:07:40.095,LINUX-JUMP-01,svc-export,1,git,"git",launchd,,,SHA256=0006c13153f842180006c13153f842180006c13153f842180006c13153f84218
2026-03-22 13:17:00.031,LINUX-JUMP-01,alex.chen,1,python3,"python3",cmd.exe,,,SHA256=00016daa4cd84cad00016daa4cd84cad00016daa4cd84cad00016daa4cd84cad
2026-03-22 13:21:00.097,ENG-MAC-04,alex.chen,1,node,"node",cmd.exe,,,SHA256=0018d0ca3ed87f0e0018d0ca3ed87f0e0018d0ca3ed87f0e0018d0ca3ed87f0e
2026-03-22 13:28:58.633,FIN-WS17,taylor.owens,1,sshd,"sshd",cmd.exe,,,SHA256=001a310a5dbe4a66001a310a5dbe4a66001a310a5dbe4a66001a310a5dbe4a66
2026-03-22 13:36:19.810,FIN-WS17,morgan.sato,1,powershell.exe,"powershell.exe",cmd.exe,,,SHA256=000336933497ba2d000336933497ba2d000336933497ba2d000336933497ba2d
2026-03-22 13:44:32.034,FIN-WS17,taylor.owens,1,git,"git",explorer.exe,,,SHA256=000107c33ab3a98f000107c33ab3a98f000107c33ab3a98f000107c33ab3a98f
2026-03-22 13:55:51.224,BLD-RUN-02,svc-export,1,chrome.exe,"chrome.exe",cmd.exe,,,SHA256=0018e31e56abd1280018e31e56abd1280018e31e56abd1280018e31e56abd128
2026-03-22 14:02:34.827,FIN-WS17,morgan.sato,1,slack.exe,"slack.exe",systemd,,,SHA256=000eaab1aa69ece0000eaab1aa69ece0000eaab1aa69ece0000eaab1aa69ece0
2026-03-22 14:07:52.826,FIN-WS17,morgan.sato,1,outlook.exe,"outlook.exe",cmd.exe,,,SHA256=000dc4b2e509b5d8000dc4b2e509b5d8000dc4b2e509b5d8000dc4b2e509b5d8
2026-03-22 14:17:24.159,FIN-WS17,morgan.sato,1,chrome.exe,"chrome.exe",launchd,,,SHA256=0013faf03becb6a10013faf03becb6a10013faf03becb6a10013faf03becb6a1
2026-03-22 14:26:07.937,FIN-WS17,taylor.owens,1,powershell.exe,"powershell.exe",explorer.exe,,,SHA256=000893912a7f282c000893912a7f282c000893912a7f282c000893912a7f282c
2026-03-22 14:34:49.401,FIN-WS22,riley.kapoor,1,slack.exe,"slack.exe",systemd,,,SHA256=00133678658e9c3f00133678658e9c3f00133678658e9c3f00133678658e9c3f
2026-03-22 14:44:55.245,LINUX-JUMP-01,jamie.patel,1,git,"git",cmd.exe,,,SHA256=001997b714a14e52001997b714a14e52001997b714a14e52001997b714a14e52
2026-03-22 14:51:00.017,BLD-RUN-02,taylor.owens,1,sshd,"sshd",launchd,,,SHA256=0006a035fd6016160006a035fd6016160006a035fd6016160006a035fd601616
2026-03-22 14:54:16.812,BLD-RUN-02,morgan.sato,1,sshd,"sshd",systemd,,,SHA256=000973baf11b3724000973baf11b3724000973baf11b3724000973baf11b3724
2026-03-22 15:04:07.219,ENG-MAC-04,taylor.owens,1,powershell.exe,"powershell.exe",cmd.exe,,,SHA256=000c38bddc0f377c000c38bddc0f377c000c38bddc0f377c000c38bddc0f377c
2026-03-22 15:12:06.954,FIN-WS22,taylor.owens,1,sshd,"sshd",cmd.exe,,,SHA256=00189c96088d92d800189c96088d92d800189c96088d92d800189c96088d92d8
2026-03-22 15:16:28.109,LINUX-JUMP-01,svc-build,1,git,"git",explorer.exe,,,SHA256=001e976e1aef1b0b001e976e1aef1b0b001e976e1aef1b0b001e976e1aef1b0b
2026-03-22 15:24:53.518,FIN-WS17,alex.chen,1,powershell.exe,"powershell.exe",cmd.exe,,,SHA256=001fe82d60ca2de2001fe82d60ca2de2001fe82d60ca2de2001fe82d60ca2de2
2026-03-22 15:29:04.151,FIN-WS17,morgan.sato,1,sshd,"sshd",launchd,,,SHA256=0012a1e5c7212f330012a1e5c7212f330012a1e5c7212f330012a1e5c7212f33
2026-03-22 15:36:21.194,ENG-MAC-04,jamie.patel,1,outlook.exe,"outlook.exe",explorer.exe,,,SHA256=00189405024dfa2b00189405024dfa2b00189405024dfa2b00189405024dfa2b
2026-03-22 15:44:18.935,BLD-RUN-02,svc-export,1,slack.exe,"slack.exe",systemd,,,SHA256=000ca5b4c0c6cefe000ca5b4c0c6cefe000ca5b4c0c6cefe000ca5b4c0c6cefe
2026-03-22 15:52:14.654,FIN-WS17,svc-export,1,git,"git",systemd,,,SHA256=001c0d2f01a8b277001c0d2f01a8b277001c0d2f01a8b277001c0d2f01a8b277
2026-03-22 15:55:43.314,ENG-MAC-17,riley.kapoor,1,powershell.exe,"powershell.exe",explorer.exe,,,SHA256=00216d764bc6d32400216d764bc6d32400216d764bc6d32400216d764bc6d324
2026-03-22 16:04:57.401,BLD-RUN-02,riley.kapoor,1,outlook.exe,"outlook.exe",explorer.exe,,,SHA256=00098c78b5c0641100098c78b5c0641100098c78b5c0641100098c78b5c06411
2026-03-22 16:11:09.128,FIN-WS17,taylor.owens,1,sshd,"sshd",explorer.exe,,,SHA256=00193b6c6fb3075000193b6c6fb3075000193b6c6fb3075000193b6c6fb30750
2026-03-22 16:21:30.357,LINUX-JUMP-01,jamie.patel,1,powershell.exe,"powershell.exe",systemd,,,SHA256=00012c362e166aba00012c362e166aba00012c362e166aba00012c362e166aba
2026-03-22 16:29:35.852,FIN-WS17,morgan.sato,1,git,"git",systemd,,,SHA256=000c678a00c7afb3000c678a00c7afb3000c678a00c7afb3000c678a00c7afb3
2026-03-22 16:36:12.340,ENG-MAC-17,alex.chen,1,chrome.exe,"chrome.exe",systemd,,,SHA256=0002ece56d4eaad40002ece56d4eaad40002ece56d4eaad40002ece56d4eaad4
2026-03-22 16:39:47.624,ENG-MAC-17,alex.chen,1,outlook.exe,"outlook.exe",explorer.exe,,,SHA256=001ac389ec5d8ac9001ac389ec5d8ac9001ac389ec5d8ac9001ac389ec5d8ac9
2026-03-22 16:44:52.699,FIN-WS22,svc-export,1,powershell.exe,"powershell.exe",cmd.exe,,,SHA256=0016987522c015ca0016987522c015ca0016987522c015ca0016987522c015ca
2026-03-22 16:54:41.243,BLD-RUN-02,taylor.owens,1,outlook.exe,"outlook.exe",systemd,,,SHA256=0007467adaa8fb690007467adaa8fb690007467adaa8fb690007467adaa8fb69
2026-03-22 17:04:24.510,ENG-MAC-17,alex.chen,1,outlook.exe,"outlook.exe",launchd,,,SHA256=000e5f9dcdf4c4c0000e5f9dcdf4c4c0000e5f9dcdf4c4c0000e5f9dcdf4c4c0
2026-03-22 17:13:58.853,BLD-RUN-02,taylor.owens,1,outlook.exe,"outlook.exe",explorer.exe,,,SHA256=00187eac9295471300187eac9295471300187eac9295471300187eac92954713
2026-03-22 17:22:54.856,BLD-RUN-02,alex.chen,1,python3,"python3",explorer.exe,,,SHA256=0013d6ad5f3f35820013d6ad5f3f35820013d6ad5f3f35820013d6ad5f3f3582
2026-03-22 17:31:42.134,FIN-WS22,morgan.sato,1,python3,"python3",launchd,,,SHA256=0012c568c09a14740012c568c09a14740012c568c09a14740012c568c09a1474
2026-03-22 17:41:46.835,FIN-WS17,taylor.owens,1,node,"node",cmd.exe,,,SHA256=0006b919fa2375a80006b919fa2375a80006b919fa2375a80006b919fa2375a8
2026-03-22 17:47:57.978,FIN-WS22,svc-export,1,git,"git",systemd,,,SHA256=001a6cf7310b963b001a6cf7310b963b001a6cf7310b963b001a6cf7310b963b
2026-03-22 17:53:16.073,LINUX-JUMP-01,morgan.sato,1,powershell.exe,"powershell.exe",cmd.exe,,,SHA256=000b1448a2a24808000b1448a2a24808000b1448a2a24808000b1448a2a24808
2026-03-22 18:01:48.719,FIN-WS22,svc-export,1,git,"git",systemd,,,SHA256=001d99eb77220e21001d99eb77220e21001d99eb77220e21001d99eb77220e21
2026-03-22 18:09:22.639,FIN-WS17,jamie.patel,1,python3,"python3",systemd,,,SHA256=0018f670d28390600018f670d28390600018f670d28390600018f670d2839060
2026-03-22 18:20:13.148,LINUX-JUMP-01,morgan.sato,1,chrome.exe,"chrome.exe",launchd,,,SHA256=001ef74a7bce9435001ef74a7bce9435001ef74a7bce9435001ef74a7bce9435
2026-03-22 18:30:07.392,LINUX-JUMP-01,svc-export,1,python3,"python3",launchd,,,SHA256=000454e1e9479142000454e1e9479142000454e1e9479142000454e1e9479142
2026-03-22 18:37:07.631,FIN-WS22,svc-export,1,sshd,"sshd",systemd,,,SHA256=00041b4142084e6700041b4142084e6700041b4142084e6700041b4142084e67
2026-03-22 18:48:19.894,ENG-MAC-04,alex.chen,1,git,"git",launchd,,,SHA256=00197933a7ccc84200197933a7ccc84200197933a7ccc84200197933a7ccc842
2026-03-22 18:57:29.795,FIN-WS17,taylor.owens,1,powershell.exe,"powershell.exe",explorer.exe,,,SHA256=0012d0eea5bf84570012d0eea5bf84570012d0eea5bf84570012d0eea5bf8457
2026-03-22 19:08:33.178,ENG-MAC-17,svc-export,1,python3,"python3",explorer.exe,,,SHA256=0017308e18d7745d0017308e18d7745d0017308e18d7745d0017308e18d7745d
2026-03-22 19:19:10.382,ENG-MAC-04,svc-export,1,slack.exe,"slack.exe",explorer.exe,,,SHA256=00203db66c3d3b5e00203db66c3d3b5e00203db66c3d3b5e00203db66c3d3b5e
2026-03-22 19:23:38.758,ENG-MAC-04,svc-build,1,python3,"python3",explorer.exe,,,SHA256=000976c5c98112ab000976c5c98112ab000976c5c98112ab000976c5c98112ab
2026-03-22 19:33:31.954,FIN-WS22,morgan.sato,1,outlook.exe,"outlook.exe",explorer.exe,,,SHA256=00121f91008746db00121f91008746db00121f91008746db00121f91008746db
2026-03-22 19:43:03.413,ENG-MAC-04,jamie.patel,1,python3,"python3",systemd,,,SHA256=000a72434c175d47000a72434c175d47000a72434c175d47000a72434c175d47
2026-03-22 19:51:36.322,ENG-MAC-17,svc-export,1,node,"node",systemd,,,SHA256=000dec2c49f1f8c1000dec2c49f1f8c1000dec2c49f1f8c1000dec2c49f1f8c1
2026-03-22 20:01:47.388,FIN-WS22,jamie.patel,1,git,"git",systemd,,,SHA256=002247d2b480987c002247d2b480987c002247d2b480987c002247d2b480987c
2026-03-22 20:07:35.620,BLD-RUN-02,alex.chen,1,node,"node",cmd.exe,,,SHA256=001dbfe70482de5f001dbfe70482de5f001dbfe70482de5f001dbfe70482de5f
2026-03-22 20:12:31.783,LINUX-JUMP-01,svc-build,1,python3,"python3",explorer.exe,,,SHA256=000062c98be03a33000062c98be03a33000062c98be03a33000062c98be03a33
2026-03-22 20:18:25.140,LINUX-JUMP-01,jamie.patel,1,python3,"python3",systemd,,,SHA256=00149e0dacff357100149e0dacff357100149e0dacff357100149e0dacff3571
2026-03-22 20:21:21.039,BLD-RUN-02,svc-build,1,powershell.exe,"powershell.exe",explorer.exe,,,SHA256=001f89fe01f4379c001f89fe01f4379c001f89fe01f4379c001f89fe01f4379c
2026-03-22 20:24:09.130,FIN-WS22,svc-build,1,node,"node",cmd.exe,,,SHA256=0019d0a55f2e05670019d0a55f2e05670019d0a55f2e05670019d0a55f2e0567
2026-03-22 20:33:54.533,ENG-MAC-17,svc-export,1,node,"node",explorer.exe,,,SHA256=001ad80068e9851a001ad80068e9851a001ad80068e9851a001ad80068e9851a
2026-03-22 20:41:53.882,FIN-WS22,taylor.owens,1,outlook.exe,"outlook.exe",cmd.exe,,,SHA256=0013a8a6a4b608f30013a8a6a4b608f30013a8a6a4b608f30013a8a6a4b608f3
2026-03-22 20:52:59.438,LINUX-JUMP-01,svc-build,1,outlook.exe,"outlook.exe",launchd,,,SHA256=000082f4129e9473000082f4129e9473000082f4129e9473000082f4129e9473
2026-03-22 21:01:55.585,FIN-WS17,alex.chen,1,git,"git",systemd,,,SHA256=001583cb080bd3d8001583cb080bd3d8001583cb080bd3d8001583cb080bd3d8
2026-03-22 21:11:45.117,ENG-MAC-04,riley.kapoor,1,outlook.exe,"outlook.exe",cmd.exe,,,SHA256=000fb91a84afdd37000fb91a84afdd37000fb91a84afdd37000fb91a84afdd37
2026-03-22 21:21:33.517,ENG-MAC-04,svc-build,1,outlook.exe,"outlook.exe",explorer.exe,,,SHA256=001b1c48a1b8e0f0001b1c48a1b8e0f0001b1c48a1b8e0f0001b1c48a1b8e0f0
2026-03-22 21:24:57.451,ENG-MAC-04,jamie.patel,1,node,"node",explorer.exe,,,SHA256=000855b47a83bb6f000855b47a83bb6f000855b47a83bb6f000855b47a83bb6f
2026-03-22 21:35:32.296,FIN-WS17,taylor.owens,1,sshd,"sshd",cmd.exe,,,SHA256=00070c91bd87747c00070c91bd87747c00070c91bd87747c00070c91bd87747c
2026-03-22 21:41:59.622,LINUX-JUMP-01,taylor.owens,1,python3,"python3",explorer.exe,,,SHA256=00113d476701308800113d476701308800113d476701308800113d4767013088
2026-03-22 21:50:20.020,FIN-WS22,riley.kapoor,1,powershell.exe,"powershell.exe",systemd,,,SHA256=000e293cb2897eb2000e293cb2897eb2000e293cb2897eb2000e293cb2897eb2
2026-03-22 22:00:24.012,ENG-MAC-17,svc-export,1,node,"node",launchd,,,SHA256=002091089ca85280002091089ca85280002091089ca85280002091089ca85280
2026-03-22 22:08:02.261,FIN-WS17,alex.chen,1,sshd,"sshd",systemd,,,SHA256=0017e19767d4ea830017e19767d4ea830017e19767d4ea830017e19767d4ea83
2026-03-22 22:13:07.969,ENG-MAC-04,alex.chen,1,powershell.exe,"powershell.exe",cmd.exe,,,SHA256=001fd2e875597552001fd2e875597552001fd2e875597552001fd2e875597552
2026-03-22 22:24:14.995,FIN-WS22,svc-build,1,git,"git",systemd,,,SHA256=001ce6d3859904ab001ce6d3859904ab001ce6d3859904ab001ce6d3859904ab
2026-03-22 22:34:44.356,ENG-MAC-17,svc-export,1,node,"node",launchd,,,SHA256=00015c9ed4725a9d00015c9ed4725a9d00015c9ed4725a9d00015c9ed4725a9d
2026-03-22 22:43:32.680,LINUX-JUMP-01,alex.chen,1,powershell.exe,"powershell.exe",explorer.exe,,,SHA256=001e0dc80447e6fe001e0dc80447e6fe001e0dc80447e6fe001e0dc80447e6fe
2026-03-22 22:48:05.905,FIN-WS17,morgan.sato,1,node,"node",cmd.exe,,,SHA256=0021a56a77e0f39c0021a56a77e0f39c0021a56a77e0f39c0021a56a77e0f39c
2026-03-22 22:52:50.825,FIN-WS22,svc-build,1,slack.exe,"slack.exe",cmd.exe,,,SHA256=0000945ea48b13ef0000945ea48b13ef0000945ea48b13ef0000945ea48b13ef
2026-03-22 23:03:20.514,ENG-MAC-17,svc-build,1,git,"git",explorer.exe,,,SHA256=001f44ca2cab8140001f44ca2cab8140001f44ca2cab8140001f44ca2cab8140
2026-03-22 23:08:15.494,FIN-WS17,jamie.patel,1,node,"node",cmd.exe,,,SHA256=00106a57c5edae6400106a57c5edae6400106a57c5edae6400106a57c5edae64
2026-03-22 23:13:02.771,FIN-WS17,morgan.sato,1,python3,"python3",cmd.exe,,,SHA256=000e1f077d471eaf000e1f077d471eaf000e1f077d471eaf000e1f077d471eaf
2026-03-22 23:22:35.355,LINUX-JUMP-01,alex.chen,1,outlook.exe,"outlook.exe",cmd.exe,,,SHA256=0007ece88341f9b70007ece88341f9b70007ece88341f9b70007ece88341f9b7
2026-03-22 23:25:45.100,LINUX-JUMP-01,jamie.patel,1,slack.exe,"slack.exe",cmd.exe,,,SHA256=0009fe2c2a0d01e40009fe2c2a0d01e40009fe2c2a0d01e40009fe2c2a0d01e4
2026-03-22 23:36:04.959,LINUX-JUMP-01,taylor.owens,1,python3,"python3",systemd,,,SHA256=00127c550de00e0f00127c550de00e0f00127c550de00e0f00127c550de00e0f
2026-03-22 23:42:20.050,ENG-MAC-04,riley.kapoor,1,python3,"python3",explorer.exe,,,SHA256=0009df7eadb8fe9e0009df7eadb8fe9e0009df7eadb8fe9e0009df7eadb8fe9e
2026-03-22 23:46:31.107,LINUX-JUMP-01,alex.chen,1,git,"git",launchd,,,SHA256=0010cb272997ecdf0010cb272997ecdf0010cb272997ecdf0010cb272997ecdf
2026-03-22 23:57:43.379,ENG-MAC-17,riley.kapoor,1,chrome.exe,"chrome.exe",explorer.exe,,,SHA256=0010450efeff178c0010450efeff178c0010450efeff178c0010450efeff178c
2026-03-23 00:08:07.252,ENG-MAC-04,taylor.owens,1,powershell.exe,"powershell.exe",systemd,,,SHA256=0017f5d23b5161bd0017f5d23b5161bd0017f5d23b5161bd0017f5d23b5161bd
2026-03-23 00:17:55.702,FIN-WS17,riley.kapoor,1,sshd,"sshd",systemd,,,SHA256=000892eabdb029ba000892eabdb029ba000892eabdb029ba000892eabdb029ba
2026-03-23 00:26:24.025,LINUX-JUMP-01,riley.kapoor,1,outlook.exe,"outlook.exe",explorer.exe,,,SHA256=000ad248d15f5b67000ad248d15f5b67000ad248d15f5b67000ad248d15f5b67
2026-03-23 00:30:18.609,ENG-MAC-17,jamie.patel,1,python3,"python3",systemd,,,SHA256=000da6c4f35ffe3d000da6c4f35ffe3d000da6c4f35ffe3d000da6c4f35ffe3d
2026-03-23 00:34:17.104,ENG-MAC-04,alex.chen,1,git,"git",systemd,,,SHA256=00188b486198a91200188b486198a91200188b486198a91200188b486198a912
2026-03-23 00:42:29.269,ENG-MAC-17,morgan.sato,1,powershell.exe,"powershell.exe",launchd,,,SHA256=0010e04a7ea24e1c0010e04a7ea24e1c0010e04a7ea24e1c0010e04a7ea24e1c
2026-03-23 00:51:36.748,FIN-WS17,jamie.patel,1,git,"git",cmd.exe,,,SHA256=0011ba585c1c47f40011ba585c1c47f40011ba585c1c47f40011ba585c1c47f4
2026-03-23 00:55:15.670,LINUX-JUMP-01,jamie.patel,1,outlook.exe,"outlook.exe",cmd.exe,,,SHA256=001a213fd7f48480001a213fd7f48480001a213fd7f48480001a213fd7f48480
2026-03-23 01:01:16.468,ENG-MAC-04,jamie.patel,1,node,"node",cmd.exe,,,SHA256=00227a76b578ad1200227a76b578ad1200227a76b578ad1200227a76b578ad12
2026-03-23 01:06:22.774,FIN-WS17,morgan.sato,1,python3,"python3",systemd,,,SHA256=000638280f894b1e000638280f894b1e000638280f894b1e000638280f894b1e
2026-03-23 01:14:01.420,FIN-WS17,svc-build,1,chrome.exe,"chrome.exe",cmd.exe,,,SHA256=001f4039a076b74e001f4039a076b74e001f4039a076b74e001f4039a076b74e
2026-03-23 01:17:57.977,FIN-WS17,alex.chen,1,node,"node",systemd,,,SHA256=000e000aeaec2ce3000e000aeaec2ce3000e000aeaec2ce3000e000aeaec2ce3
2026-03-23 01:28:10.220,BLD-RUN-02,svc-build,1,powershell.exe,"powershell.exe",launchd,,,SHA256=0004b4d9d22035aa0004b4d9d22035aa0004b4d9d22035aa0004b4d9d22035aa
2026-03-23 01:35:52.399,BLD-RUN-02,riley.kapoor,1,powershell.exe,"powershell.exe",systemd,,,SHA256=0014baf22b4bdae10014baf22b4bdae10014baf22b4bdae10014baf22b4bdae1
2026-03-23 01:46:07.033,ENG-MAC-17,taylor.owens,1,powershell.exe,"powershell.exe",launchd,,,SHA256=00065bf9be2b2de000065bf9be2b2de000065bf9be2b2de000065bf9be2b2de0
2026-03-23 01:51:12.666,FIN-WS17,riley.kapoor,1,node,"node",cmd.exe,,,SHA256=001265ce2988df77001265ce2988df77001265ce2988df77001265ce2988df77
2026-03-23 02:01:53.885,FIN-WS17,riley.kapoor,1,powershell.exe,"powershell.exe",explorer.exe,,,SHA256=00177a25a32e4f2700177a25a32e4f2700177a25a32e4f2700177a25a32e4f27
2026-03-23 02:12:45.933,FIN-WS17,alex.chen,1,python3,"python3",systemd,,,SHA256=0014e3aa57facbc60014e3aa57facbc60014e3aa57facbc60014e3aa57facbc6
2026-03-23 02:17:36.289,FIN-WS22,riley.kapoor,1,node,"node",systemd,,,SHA256=0022524ac7bc3d3e0022524ac7bc3d3e0022524ac7bc3d3e0022524ac7bc3d3e
2026-03-23 02:22:59.068,FIN-WS17,riley.kapoor,1,git,"git",explorer.exe,,,SHA256=0006133412da2b520006133412da2b520006133412da2b520006133412da2b52
2026-03-23 02:33:48.397,LINUX-JUMP-01,riley.kapoor,1,git,"git",systemd,,,SHA256=0015c9ec59249fbb0015c9ec59249fbb0015c9ec59249fbb0015c9ec59249fbb
2026-03-23 02:42:41.013,FIN-WS22,morgan.sato,1,node,"node",cmd.exe,,,SHA256=001f660ef2f2c9f6001f660ef2f2c9f6001f660ef2f2c9f6001f660ef2f2c9f6
2026-03-23 02:48:47.008,FIN-WS22,taylor.owens,1,chrome.exe,"chrome.exe",launchd,,,SHA256=00169d2c7692219800169d2c7692219800169d2c7692219800169d2c76922198
2026-03-23 02:59:35.462,ENG-MAC-04,taylor.owens,1,git,"git",launchd,,,SHA256=0012614b475d180c0012614b475d180c0012614b475d180c0012614b475d180c
2026-03-23 03:09:36.897,ENG-MAC-17,svc-build,1,slack.exe,"slack.exe",systemd,,,SHA256=000df5e91124ccfc000df5e91124ccfc000df5e91124ccfc000df5e91124ccfc
2026-03-23 03:17:19.145,ENG-MAC-04,svc-export,1,sshd,"sshd",cmd.exe,,,SHA256=0018d11a1dd2b8dc0018d11a1dd2b8dc0018d11a1dd2b8dc0018d11a1dd2b8dc
2026-03-23 03:23:53.057,FIN-WS22,svc-export,1,powershell.exe,"powershell.exe",cmd.exe,,,SHA256=00108a0fe1a86f4a00108a0fe1a86f4a00108a0fe1a86f4a00108a0fe1a86f4a
2026-03-23 03:33:19.106,BLD-RUN-02,morgan.sato,1,git,"git",systemd,,,SHA256=0014794a99af87440014794a99af87440014794a99af87440014794a99af8744
2026-03-23 03:37:58.549,ENG-MAC-04,morgan.sato,1,node,"node",explorer.exe,,,SHA256=0014ae33b5e0f1670014ae33b5e0f1670014ae33b5e0f1670014ae33b5e0f167
2026-03-23 03:48:50.500,BLD-RUN-02,taylor.owens,1,git,"git",launchd,,,SHA256=0002d02539139ca70002d02539139ca70002d02539139ca70002d02539139ca7
2026-03-23 03:53:39.815,FIN-WS22,riley.kapoor,1,python3,"python3",launchd,,,SHA256=0019af283ea9d04e0019af283ea9d04e0019af283ea9d04e0019af283ea9d04e
2026-03-23 04:02:54.558,FIN-WS22,svc-build,1,node,"node",launchd,,,SHA256=001338de8c67261a001338de8c67261a001338de8c67261a001338de8c67261a
2026-03-23 04:05:54.398,FIN-WS17,alex.chen,1,sshd,"sshd",launchd,,,SHA256=001dccd6774921d7001dccd6774921d7001dccd6774921d7001dccd6774921d7
2026-03-23 04:11:44.497,ENG-MAC-17,morgan.sato,1,slack.exe,"slack.exe",cmd.exe,,,SHA256=001a5a0fddfb13cc001a5a0fddfb13cc001a5a0fddfb13cc001a5a0fddfb13cc
2026-03-23 04:14:29.168,BLD-RUN-02,alex.chen,1,python3,"python3",explorer.exe,,,SHA256=001e3be6f8ccd1c5001e3be6f8ccd1c5001e3be6f8ccd1c5001e3be6f8ccd1c5
2026-03-23 04:19:05.267,ENG-MAC-17,svc-export,1,node,"node",launchd,,,SHA256=00176fa2ffffeeb400176fa2ffffeeb400176fa2ffffeeb400176fa2ffffeeb4
2026-03-23 04:28:20.256,ENG-MAC-04,jamie.patel,1,git,"git",explorer.exe,,,SHA256=001e67b748b70311001e67b748b70311001e67b748b70311001e67b748b70311
2026-03-23 04:33:21.164,FIN-WS17,riley.kapoor,1,git,"git",launchd,,,SHA256=00112bae2923608000112bae2923608000112bae2923608000112bae29236080
2026-03-23 04:41:09.036,FIN-WS17,riley.kapoor,1,node,"node",systemd,,,SHA256=001908d95e6dc175001908d95e6dc175001908d95e6dc175001908d95e6dc175
2026-03-23 04:47:23.454,FIN-WS17,riley.kapoor,1,outlook.exe,"outlook.exe",cmd.exe,,,SHA256=001818853fa739bc001818853fa739bc001818853fa739bc001818853fa739bc
2026-03-23 04:51:01.618,FIN-WS17,svc-export,1,node,"node",launchd,,,SHA256=000d93fe16546f39000d93fe16546f39000d93fe16546f39000d93fe16546f39
2026-03-23 04:57:18.284,BLD-RUN-02,svc-export,1,sshd,"sshd",systemd,,,SHA256=0005917ca0ec02400005917ca0ec02400005917ca0ec02400005917ca0ec0240
2026-03-23 05:01:42.430,FIN-WS22,jamie.patel,1,node,"node",launchd,,,SHA256=001e590305e39b44001e590305e39b44001e590305e39b44001e590305e39b44
2026-03-23 05:10:33.273,ENG-MAC-17,riley.kapoor,1,chrome.exe,"chrome.exe",cmd.exe,,,SHA256=001e1600dca45fde001e1600dca45fde001e1600dca45fde001e1600dca45fde
2026-03-23 05:19:05.611,LINUX-JUMP-01,svc-export,1,outlook.exe,"outlook.exe",systemd,,,SHA256=000ae8dc913f2b5c000ae8dc913f2b5c000ae8dc913f2b5c000ae8dc913f2b5c
2026-03-23 05:27:09.317,FIN-WS22,riley.kapoor,1,powershell.exe,"powershell.exe",explorer.exe,,,SHA256=000760d1ad7bdf4b000760d1ad7bdf4b000760d1ad7bdf4b000760d1ad7bdf4b
2026-03-23 05:38:31.040,ENG-MAC-17,jamie.patel,1,node,"node",cmd.exe,,,SHA256=0021c5c279cf06c00021c5c279cf06c00021c5c279cf06c00021c5c279cf06c0
2026-03-23 05:42:42.246,ENG-MAC-17,alex.chen,1,slack.exe,"slack.exe",explorer.exe,,,SHA256=0011556d995aeb4d0011556d995aeb4d0011556d995aeb4d0011556d995aeb4d
2026-03-23 05:49:24.973,LINUX-JUMP-01,jamie.patel,1,sshd,"sshd",explorer.exe,,,SHA256=001ca5edd365ace7001ca5edd365ace7001ca5edd365ace7001ca5edd365ace7
2026-03-23 05:56:27.109,LINUX-JUMP-01,morgan.sato,1,git,"git",cmd.exe,,,SHA256=001b81cebee2fe24001b81cebee2fe24001b81cebee2fe24001b81cebee2fe24
2026-03-23 06:05:48.359,FIN-WS22,taylor.owens,1,chrome.exe,"chrome.exe",launchd,,,SHA256=00057109ebe7649700057109ebe7649700057109ebe7649700057109ebe76497
2026-03-23 06:09:35.990,ENG-MAC-17,taylor.owens,1,sshd,"sshd",cmd.exe,,,SHA256=0004830d026c593c0004830d026c593c0004830d026c593c0004830d026c593c
2026-03-23 06:18:09.065,BLD-RUN-02,morgan.sato,1,sshd,"sshd",launchd,,,SHA256=001398f79a20ef2c001398f79a20ef2c001398f79a20ef2c001398f79a20ef2c
2026-03-23 06:23:28.376,FIN-WS22,alex.chen,1,outlook.exe,"outlook.exe",launchd,,,SHA256=000c6754f296cf13000c6754f296cf13000c6754f296cf13000c6754f296cf13
2026-03-23 06:31:57.329,LINUX-JUMP-01,alex.chen,1,sshd,"sshd",cmd.exe,,,SHA256=001604de5e06ec21001604de5e06ec21001604de5e06ec21001604de5e06ec21
2026-03-23 06:40:11.218,FIN-WS22,svc-build,1,chrome.exe,"chrome.exe",cmd.exe,,,SHA256=00069e36a7b26b6700069e36a7b26b6700069e36a7b26b6700069e36a7b26b67
2026-03-23 06:47:36.910,BLD-RUN-02,taylor.owens,1,slack.exe,"slack.exe",explorer.exe,,,SHA256=0022ded6d68f58e20022ded6d68f58e20022ded6d68f58e20022ded6d68f58e2
2026-03-23 06:56:53.974,LINUX-JUMP-01,riley.kapoor,1,git,"git",systemd,,,SHA256=0000259e469005a30000259e469005a30000259e469005a30000259e469005a3
2026-03-23 07:00:47.524,BLD-RUN-02,jamie.patel,1,python3,"python3",cmd.exe,,,SHA256=00021edb24e7d8d400021edb24e7d8d400021edb24e7d8d400021edb24e7d8d4
2026-03-23 07:04:42.019,LINUX-JUMP-01,morgan.sato,1,slack.exe,"slack.exe",explorer.exe,,,SHA256=0008896cb416098a0008896cb416098a0008896cb416098a0008896cb416098a
2026-03-23 07:07:47.268,FIN-WS22,taylor.owens,1,python3,"python3",launchd,,,SHA256=001697630761b1a3001697630761b1a3001697630761b1a3001697630761b1a3
2026-03-23 07:18:39.950,FIN-WS17,svc-build,1,git,"git",explorer.exe,,,SHA256=00064d2bad3d022300064d2bad3d022300064d2bad3d022300064d2bad3d0223
2026-03-23 07:27:06.871,ENG-MAC-04,svc-export,1,outlook.exe,"outlook.exe",systemd,,,SHA256=000c634b8deda7cd000c634b8deda7cd000c634b8deda7cd000c634b8deda7cd
2026-03-23 07:32:34.433,FIN-WS22,riley.kapoor,1,node,"node",launchd,,,SHA256=001da43dc3c4b2e6001da43dc3c4b2e6001da43dc3c4b2e6001da43dc3c4b2e6
2026-03-23 07:35:40.742,FIN-WS17,riley.kapoor,1,node,"node",systemd,,,SHA256=00139e2b86ef276e00139e2b86ef276e00139e2b86ef276e00139e2b86ef276e
2026-03-23 07:41:14.372,ENG-MAC-04,taylor.owens,1,powershell.exe,"powershell.exe",explorer.exe,,,SHA256=0000cf805fd2cb270000cf805fd2cb270000cf805fd2cb270000cf805fd2cb27
2026-03-23 07:50:42.887,BLD-RUN-02,riley.kapoor,1,slack.exe,"slack.exe",explorer.exe,,,SHA256=0007598cafda654b0007598cafda654b0007598cafda654b0007598cafda654b
2026-03-23 07:59:24.289,FIN-WS17,taylor.owens,1,chrome.exe,"chrome.exe",systemd,,,SHA256=001ebe52ea7d7fc2001ebe52ea7d7fc2001ebe52ea7d7fc2001ebe52ea7d7fc2
2026-03-23 08:10:48.913,FIN-WS22,morgan.sato,1,git,"git",launchd,,,SHA256=0019bd1e127c64240019bd1e127c64240019bd1e127c64240019bd1e127c6424
2026-03-23 08:21:34.941,ENG-MAC-17,alex.chen,1,powershell.exe,"powershell.exe",launchd,,,SHA256=000b749cdebd9706000b749cdebd9706000b749cdebd9706000b749cdebd9706
2026-03-23 08:24:08.458,BLD-RUN-02,morgan.sato,1,sshd,"sshd",cmd.exe,,,SHA256=00215b2e0f4d0a3600215b2e0f4d0a3600215b2e0f4d0a3600215b2e0f4d0a36
2026-03-23 08:31:13.334,ENG-MAC-04,svc-export,1,python3,"python3",cmd.exe,,,SHA256=0012a922477fb2e60012a922477fb2e60012a922477fb2e60012a922477fb2e6
2026-03-23 08:35:05.502,LINUX-JUMP-01,svc-build,1,chrome.exe,"chrome.exe",explorer.exe,,,SHA256=001633663782b30d001633663782b30d001633663782b30d001633663782b30d
2026-03-23 08:39:02.384,ENG-MAC-17,jamie.patel,1,node,"node",cmd.exe,,,SHA256=002222b3b267e55c002222b3b267e55c002222b3b267e55c002222b3b267e55c
2026-03-23 08:42:27.148,ENG-MAC-17,svc-export,1,git,"git",cmd.exe,,,SHA256=000868242d2fe992000868242d2fe992000868242d2fe992000868242d2fe992
2026-03-23 08:51:18.648,ENG-MAC-04,taylor.owens,1,outlook.exe,"outlook.exe",launchd,,,SHA256=001ca9c03951db1f001ca9c03951db1f001ca9c03951db1f001ca9c03951db1f
2026-03-23 08:59:14.578,BLD-RUN-02,alex.chen,1,outlook.exe,"outlook.exe",explorer.exe,,,SHA256=001bfbae57b43653001bfbae57b43653001bfbae57b43653001bfbae57b43653
2026-03-23 09:04:24.631,BLD-RUN-02,svc-export,1,sshd,"sshd",launchd,,,SHA256=00222fab6a60288800222fab6a60288800222fab6a60288800222fab6a602888
2026-03-23 09:15:13.037,FIN-WS17,riley.kapoor,1,node,"node",systemd,,,SHA256=000194ac58b12e0e000194ac58b12e0e000194ac58b12e0e000194ac58b12e0e
2026-03-23 09:24:50.329,FIN-WS22,riley.kapoor,1,slack.exe,"slack.exe",launchd,,,SHA256=001451c1a12284c0001451c1a12284c0001451c1a12284c0001451c1a12284c0
2026-03-23 09:32:10.780,BLD-RUN-02,svc-export,1,sshd,"sshd",systemd,,,SHA256=00102f0614f82c8300102f0614f82c8300102f0614f82c8300102f0614f82c83
2026-03-23 09:39:26.770,LINUX-JUMP-01,taylor.owens,1,python3,"python3",cmd.exe,,,SHA256=0003357b6b1bff2d0003357b6b1bff2d0003357b6b1bff2d0003357b6b1bff2d
2026-03-23 09:50:00.091,FIN-WS17,riley.kapoor,1,node,"node",explorer.exe,,,SHA256=00114e5d8ba9677a00114e5d8ba9677a00114e5d8ba9677a00114e5d8ba9677a
2026-03-23 10:00:32.465,FIN-WS17,taylor.owens,1,chrome.exe,"chrome.exe",cmd.exe,,,SHA256=00067db5238b7b1d00067db5238b7b1d00067db5238b7b1d00067db5238b7b1d
2026-03-23 10:05:26.577,LINUX-JUMP-01,taylor.owens,1,chrome.exe,"chrome.exe",systemd,,,SHA256=000a42f413284611000a42f413284611000a42f413284611000a42f413284611
2026-03-23 10:11:01.782,FIN-WS22,riley.kapoor,1,powershell.exe,"powershell.exe",systemd,,,SHA256=00005b7eaad6fdb200005b7eaad6fdb200005b7eaad6fdb200005b7eaad6fdb2
2026-03-23 10:13:36.063,ENG-MAC-04,morgan.sato,1,sshd,"sshd",launchd,,,SHA256=001e8a497c45284a001e8a497c45284a001e8a497c45284a001e8a497c45284a
2026-03-23 10:23:42.390,ENG-MAC-17,riley.kapoor,1,slack.exe,"slack.exe",launchd,,,SHA256=0018acc8996c9a100018acc8996c9a100018acc8996c9a100018acc8996c9a10
2026-03-23 10:33:01.567,BLD-RUN-02,riley.kapoor,1,git,"git",systemd,,,SHA256=0004dd3ab2050ad30004dd3ab2050ad30004dd3ab2050ad30004dd3ab2050ad3
2026-03-23 10:43:17.063,FIN-WS22,alex.chen,1,chrome.exe,"chrome.exe",launchd,,,SHA256=000072002ec807c4000072002ec807c4000072002ec807c4000072002ec807c4
2026-03-23 10:49:15.926,BLD-RUN-02,svc-export,1,slack.exe,"slack.exe",cmd.exe,,,SHA256=00182b8cd5aab31700182b8cd5aab31700182b8cd5aab31700182b8cd5aab317
2026-03-23 10:54:43.216,FIN-WS17,morgan.sato,1,sshd,"sshd",systemd,,,SHA256=0015bf7f90602f760015bf7f90602f760015bf7f90602f760015bf7f90602f76
2026-03-23 11:03:48.793,ENG-MAC-17,riley.kapoor,1,sshd,"sshd",explorer.exe,,,SHA256=001efbd5ad2a4f83001efbd5ad2a4f83001efbd5ad2a4f83001efbd5ad2a4f83
2026-03-23 11:08:51.723,FIN-WS22,morgan.sato,1,powershell.exe,"powershell.exe",systemd,,,SHA256=000aba50f57a39d1000aba50f57a39d1000aba50f57a39d1000aba50f57a39d1
2026-03-23 11:15:09.837,FIN-WS17,riley.kapoor,1,git,"git",cmd.exe,,,SHA256=001ca24e979bb81c001ca24e979bb81c001ca24e979bb81c001ca24e979bb81c
2026-03-23 11:18:24.648,FIN-WS22,alex.chen,1,slack.exe,"slack.exe",explorer.exe,,,SHA256=000762f33852ecb1000762f33852ecb1000762f33852ecb1000762f33852ecb1
2026-03-23 11:23:53.104,BLD-RUN-02,svc-export,1,node,"node",launchd,,,SHA256=000a2bb84479bb40000a2bb84479bb40000a2bb84479bb40000a2bb84479bb40
2026-03-23 11:29:39.666,LINUX-JUMP-01,svc-build,1,outlook.exe,"outlook.exe",explorer.exe,,,SHA256=001e080a113d628d001e080a113d628d001e080a113d628d001e080a113d628d
2026-03-23 11:36:20.633,ENG-MAC-17,jamie.patel,1,powershell.exe,"powershell.exe",explorer.exe,,,SHA256=0015a764de0f22bb0015a764de0f22bb0015a764de0f22bb0015a764de0f22bb
2026-03-23 11:40:27.082,LINUX-JUMP-01,alex.chen,1,sshd,"sshd",launchd,,,SHA256=000e4e4c11726825000e4e4c11726825000e4e4c11726825000e4e4c11726825
2026-03-23 11:45:56.533,FIN-WS17,svc-build,1,chrome.exe,"chrome.exe",cmd.exe,,,SHA256=0001c46558cc5d0b0001c46558cc5d0b0001c46558cc5d0b0001c46558cc5d0b
2026-03-23 11:57:13.453,FIN-WS17,alex.chen,1,powershell.exe,"powershell.exe",cmd.exe,,,SHA256=001bde3721730c6f001bde3721730c6f001bde3721730c6f001bde3721730c6f
2026-03-23 12:00:25.854,ENG-MAC-17,jamie.patel,1,outlook.exe,"outlook.exe",explorer.exe,,,SHA256=0007d324fe8bf6f60007d324fe8bf6f60007d324fe8bf6f60007d324fe8bf6f6
2026-03-23 12:06:03.982,ENG-MAC-17,jamie.patel,1,git,"git",launchd,,,SHA256=00076e3f19762ebd00076e3f19762ebd00076e3f19762ebd00076e3f19762ebd
2026-03-23 12:17:05.721,ENG-MAC-17,riley.kapoor,1,node,"node",cmd.exe,,,SHA256=001a08997294514d001a08997294514d001a08997294514d001a08997294514d
2026-03-23 12:26:03.943,ENG-MAC-04,jamie.patel,1,outlook.exe,"outlook.exe",launchd,,,SHA256=000e964e0a3a1732000e964e0a3a1732000e964e0a3a1732000e964e0a3a1732
2026-03-23 12:36:19.305,BLD-RUN-02,morgan.sato,1,outlook.exe,"outlook.exe",explorer.exe,,,SHA256=001d5ebdecfe3ef9001d5ebdecfe3ef9001d5ebdecfe3ef9001d5ebdecfe3ef9
2026-03-23 12:42:17.540,LINUX-JUMP-01,svc-export,1,chrome.exe,"chrome.exe",systemd,,,SHA256=001a3621f64b6567001a3621f64b6567001a3621f64b6567001a3621f64b6567
2026-03-23 12:46:16.361,FIN-WS17,riley.kapoor,1,git,"git",explorer.exe,,,SHA256=001f9b2dae7e774d001f9b2dae7e774d001f9b2dae7e774d001f9b2dae7e774d
2026-03-23 12:54:10.723,FIN-WS17,alex.chen,1,outlook.exe,"outlook.exe",systemd,,,SHA256=0018ee37bbb3e1570018ee37bbb3e1570018ee37bbb3e1570018ee37bbb3e157
2026-03-23 13:04:07.142,FIN-WS22,riley.kapoor,1,git,"git",systemd,,,SHA256=00017b4598c3088d00017b4598c3088d00017b4598c3088d00017b4598c3088d
2026-03-23 13:12:02.615,ENG-MAC-17,svc-export,1,git,"git",launchd,,,SHA256=001b2e6191d3fa92001b2e6191d3fa92001b2e6191d3fa92001b2e6191d3fa92
2026-03-23 13:20:29.680,BLD-RUN-02,riley.kapoor,1,sshd,"sshd",cmd.exe,,,SHA256=00074833901436bc00074833901436bc00074833901436bc00074833901436bc
2026-03-23 13:29:58.311,FIN-WS22,riley.kapoor,1,outlook.exe,"outlook.exe",launchd,,,SHA256=000efd6a08e301a0000efd6a08e301a0000efd6a08e301a0000efd6a08e301a0
2026-03-23 13:35:33.494,BLD-RUN-02,alex.chen,1,python3,"python3",systemd,,,SHA256=000bbb851d7d72a5000bbb851d7d72a5000bbb851d7d72a5000bbb851d7d72a5
2026-03-23 13:41:13.959,LINUX-JUMP-01,svc-build,1,node,"node",explorer.exe,,,SHA256=001eb674928a67b4001eb674928a67b4001eb674928a67b4001eb674928a67b4
2026-03-23 13:46:15.950,FIN-WS22,svc-export,1,sshd,"sshd",systemd,,,SHA256=0018f89b1bd7552b0018f89b1bd7552b0018f89b1bd7552b0018f89b1bd7552b
2026-03-23 13:51:53.142,LINUX-JUMP-01,riley.kapoor,1,chrome.exe,"chrome.exe",launchd,,,SHA256=001bd68aebad9094001bd68aebad9094001bd68aebad9094001bd68aebad9094
2026-03-23 14:00:10.611,FIN-WS17,riley.kapoor,1,slack.exe,"slack.exe",launchd,,,SHA256=0011c01aaf16cad30011c01aaf16cad30011c01aaf16cad30011c01aaf16cad3
2026-03-23 14:08:11.711,LINUX-JUMP-01,svc-build,1,python3,"python3",cmd.exe,,,SHA256=00038b22b4fa02c700038b22b4fa02c700038b22b4fa02c700038b22b4fa02c7
2026-03-23 14:11:20.025,FIN-WS17,alex.chen,1,node,"node",explorer.exe,,,SHA256=0000a6b49a51db910000a6b49a51db910000a6b49a51db910000a6b49a51db91
2026-03-23 14:15:56.338,FIN-WS17,svc-build,1,slack.exe,"slack.exe",cmd.exe,,,SHA256=0017df83ca3202000017df83ca3202000017df83ca3202000017df83ca320200
2026-03-23 14:26:28.551,ENG-MAC-17,morgan.sato,1,chrome.exe,"chrome.exe",launchd,,,SHA256=0008f65a5987bad10008f65a5987bad10008f65a5987bad10008f65a5987bad1
2026-03-23 14:34:40.192,ENG-MAC-04,jamie.patel,1,python3,"python3",launchd,,,SHA256=0009f955925adfc80009f955925adfc80009f955925adfc80009f955925adfc8
2026-03-23 14:45:03.922,ENG-MAC-17,morgan.sato,1,node,"node",launchd,,,SHA256=0019fa487e320bc80019fa487e320bc80019fa487e320bc80019fa487e320bc8
2026-03-23 14:48:27.260,LINUX-JUMP-01,riley.kapoor,1,powershell.exe,"powershell.exe",launchd,,,SHA256=000f5d1099008e71000f5d1099008e71000f5d1099008e71000f5d1099008e71
2026-03-23 14:58:19.392,BLD-RUN-02,riley.kapoor,1,python3,"python3",cmd.exe,,,SHA256=001c73d4289985fb001c73d4289985fb001c73d4289985fb001c73d4289985fb
2026-03-23 15:06:34.963,FIN-WS22,riley.kapoor,1,powershell.exe,"powershell.exe",cmd.exe,,,SHA256=001bc7596880423a001bc7596880423a001bc7596880423a001bc7596880423a
2026-03-23 15:13:41.419,ENG-MAC-04,jamie.patel,1,slack.exe,"slack.exe",launchd,,,SHA256=001b1920260f660f001b1920260f660f001b1920260f660f001b1920260f660f
2026-03-23 15:19:12.835,LINUX-JUMP-01,taylor.owens,1,python3,"python3",launchd,,,SHA256=0007d088bdab2cbd0007d088bdab2cbd0007d088bdab2cbd0007d088bdab2cbd
2026-03-23 15:29:50.975,LINUX-JUMP-01,jamie.patel,1,sshd,"sshd",explorer.exe,,,SHA256=0013678d47de56d10013678d47de56d10013678d47de56d10013678d47de56d1
2026-03-23 15:37:53.173,FIN-WS17,riley.kapoor,1,powershell.exe,"powershell.exe",launchd,,,SHA256=0020caa74eea9ea00020caa74eea9ea00020caa74eea9ea00020caa74eea9ea0
2026-03-23 15:44:39.694,BLD-RUN-02,svc-build,1,powershell.exe,"powershell.exe",launchd,,,SHA256=001da61730fcbe88001da61730fcbe88001da61730fcbe88001da61730fcbe88
2026-03-23 15:48:17.671,ENG-MAC-04,morgan.sato,1,node,"node",cmd.exe,,,SHA256=00205f752fb41b7a00205f752fb41b7a00205f752fb41b7a00205f752fb41b7a
2026-03-23 15:52:05.185,LINUX-JUMP-01,alex.chen,1,outlook.exe,"outlook.exe",cmd.exe,,,SHA256=001d0920a72f9c78001d0920a72f9c78001d0920a72f9c78001d0920a72f9c78
2026-03-23 15:55:42.190,BLD-RUN-02,alex.chen,1,node,"node",cmd.exe,,,SHA256=00206bb2eb342c0400206bb2eb342c0400206bb2eb342c0400206bb2eb342c04
2026-03-23 16:00:22.990,ENG-MAC-17,jamie.patel,1,slack.exe,"slack.exe",systemd,,,SHA256=00232c312ccb62b800232c312ccb62b800232c312ccb62b800232c312ccb62b8
2026-03-23 16:07:49.948,FIN-WS17,riley.kapoor,1,python3,"python3",systemd,,,SHA256=00149452c993fa8300149452c993fa8300149452c993fa8300149452c993fa83
2026-03-23 16:13:35.753,FIN-WS17,svc-build,1,slack.exe,"slack.exe",explorer.exe,,,SHA256=0017f3e3f8dd78380017f3e3f8dd78380017f3e3f8dd78380017f3e3f8dd7838
2026-03-23 16:18:01.507,FIN-WS17,svc-export,1,node,"node",systemd,,,SHA256=000c90c935170574000c90c935170574000c90c935170574000c90c935170574
2026-03-23 16:21:33.318,ENG-MAC-17,svc-build,1,node,"node",systemd,,,SHA256=000656f5ba8d4f0c000656f5ba8d4f0c000656f5ba8d4f0c000656f5ba8d4f0c
2026-03-23 16:30:58.098,LINUX-JUMP-01,taylor.owens,1,python3,"python3",launchd,,,SHA256=0012d9c2e66574780012d9c2e66574780012d9c2e66574780012d9c2e6657478
2026-03-23 16:34:20.599,FIN-WS22,taylor.owens,1,slack.exe,"slack.exe",launchd,,,SHA256=001b7901c4a33afd001b7901c4a33afd001b7901c4a33afd001b7901c4a33afd
2026-03-23 16:40:12.931,FIN-WS17,svc-build,1,git,"git",explorer.exe,,,SHA256=000b19aee892db81000b19aee892db81000b19aee892db81000b19aee892db81
2026-03-23 16:48:23.176,ENG-MAC-04,alex.chen,1,git,"git",cmd.exe,,,SHA256=002005f808d87450002005f808d87450002005f808d87450002005f808d87450
2026-03-23 16:53:13.253,LINUX-JUMP-01,svc-build,1,powershell.exe,"powershell.exe",cmd.exe,,,SHA256=002025399122783c002025399122783c002025399122783c002025399122783c
2026-03-23 16:56:03.701,FIN-WS17,svc-build,1,slack.exe,"slack.exe",launchd,,,SHA256=000a79619350f2d8000a79619350f2d8000a79619350f2d8000a79619350f2d8
2026-03-23 17:03:34.062,LINUX-JUMP-01,jamie.patel,1,node,"node",systemd,,,SHA256=0021b46b282a35c20021b46b282a35c20021b46b282a35c20021b46b282a35c2
2026-03-23 17:10:55.326,FIN-WS17,taylor.owens,1,python3,"python3",explorer.exe,,,SHA256=0020be7dc8390d3a0020be7dc8390d3a0020be7dc8390d3a0020be7dc8390d3a
2026-03-23 17:14:32.493,ENG-MAC-17,morgan.sato,1,outlook.exe,"outlook.exe",systemd,,,SHA256=001db95dd1c20278001db95dd1c20278001db95dd1c20278001db95dd1c20278
2026-03-23 17:17:21.497,ENG-MAC-17,alex.chen,1,node,"node",systemd,,,SHA256=002128a04fb8087e002128a04fb8087e002128a04fb8087e002128a04fb8087e
2026-03-23 17:22:10.037,BLD-RUN-02,morgan.sato,1,python3,"python3",cmd.exe,,,SHA256=001934ecedbd444d001934ecedbd444d001934ecedbd444d001934ecedbd444d
2026-03-23 17:27:44.568,BLD-RUN-02,svc-build,1,chrome.exe,"chrome.exe",explorer.exe,,,SHA256=00013dc9d2ef03db00013dc9d2ef03db00013dc9d2ef03db00013dc9d2ef03db
2026-03-23 17:34:17.852,ENG-MAC-04,jamie.patel,1,powershell.exe,"powershell.exe",systemd,,,SHA256=00066b44c8f3771500066b44c8f3771500066b44c8f3771500066b44c8f37715
2026-03-23 17:42:48.816,FIN-WS17,alex.chen,1,powershell.exe,"powershell.exe",launchd,,,SHA256=0021c2ff7109ecc40021c2ff7109ecc40021c2ff7109ecc40021c2ff7109ecc4
2026-03-23 17:51:18.571,ENG-MAC-04,morgan.sato,1,chrome.exe,"chrome.exe",launchd,,,SHA256=0003046299454141000304629945414100030462994541410003046299454141
2026-03-23 17:57:16.578,ENG-MAC-17,svc-export,1,outlook.exe,"outlook.exe",systemd,,,SHA256=00201a275d21673200201a275d21673200201a275d21673200201a275d216732
2026-03-23 18:06:26.129,FIN-WS17,morgan.sato,1,powershell.exe,"powershell.exe",cmd.exe,,,SHA256=001c5ca2baf58ac4001c5ca2baf58ac4001c5ca2baf58ac4001c5ca2baf58ac4
2026-03-23 18:12:19.342,ENG-MAC-17,riley.kapoor,1,powershell.exe,"powershell.exe",launchd,,,SHA256=000a482e197dd62b000a482e197dd62b000a482e197dd62b000a482e197dd62b
2026-03-23 18:22:43.266,ENG-MAC-17,taylor.owens,1,node,"node",systemd,,,SHA256=0020e9bdafa762400020e9bdafa762400020e9bdafa762400020e9bdafa76240
2026-03-23 18:29:58.752,LINUX-JUMP-01,taylor.owens,1,node,"node",cmd.exe,,,SHA256=0021ddde5e44f09a0021ddde5e44f09a0021ddde5e44f09a0021ddde5e44f09a
2026-03-23 18:36:04.462,FIN-WS17,riley.kapoor,1,node,"node",explorer.exe,,,SHA256=000e7a50fb41bc77000e7a50fb41bc77000e7a50fb41bc77000e7a50fb41bc77
2026-03-23 18:39:55.612,FIN-WS17,riley.kapoor,1,slack.exe,"slack.exe",systemd,,,SHA256=001acbc52d2d8e51001acbc52d2d8e51001acbc52d2d8e51001acbc52d2d8e51
2026-03-23 18:43:50.217,ENG-MAC-17,alex.chen,1,powershell.exe,"powershell.exe",launchd,,,SHA256=000ba47059de59f0000ba47059de59f0000ba47059de59f0000ba47059de59f0
2026-03-23 18:49:38.101,BLD-RUN-02,jamie.patel,1,node,"node",launchd,,,SHA256=000bc9be1d8e9957000bc9be1d8e9957000bc9be1d8e9957000bc9be1d8e9957
2026-03-23 18:54:46.695,LINUX-JUMP-01,riley.kapoor,1,git,"git",cmd.exe,,,SHA256=002357fe53a25ee6002357fe53a25ee6002357fe53a25ee6002357fe53a25ee6
2026-03-23 19:04:23.539,BLD-RUN-02,svc-export,1,chrome.exe,"chrome.exe",systemd,,,SHA256=0008d483f1684f7a0008d483f1684f7a0008d483f1684f7a0008d483f1684f7a
2026-03-23 19:09:22.879,BLD-RUN-02,svc-build,1,outlook.exe,"outlook.exe",launchd,,,SHA256=00026b47cf4f697800026b47cf4f697800026b47cf4f697800026b47cf4f6978
2026-03-23 19:12:01.158,FIN-WS22,svc-export,1,powershell.exe,"powershell.exe",explorer.exe,,,SHA256=00211190f799401000211190f799401000211190f799401000211190f7994010
2026-03-23 19:17:45.515,FIN-WS17,riley.kapoor,1,outlook.exe,"outlook.exe",explorer.exe,,,SHA256=001c11ae5e54320e001c11ae5e54320e001c11ae5e54320e001c11ae5e54320e
2026-03-23 19:26:46.469,FIN-WS17,svc-build,1,chrome.exe,"chrome.exe",explorer.exe,,,SHA256=0002ce4b7fceb20f0002ce4b7fceb20f0002ce4b7fceb20f0002ce4b7fceb20f
2026-03-23 19:37:30.233,ENG-MAC-17,riley.kapoor,1,node,"node",launchd,,,SHA256=0015f80822ec02080015f80822ec02080015f80822ec02080015f80822ec0208
2026-03-23 19:44:10.933,ENG-MAC-04,taylor.owens,1,slack.exe,"slack.exe",systemd,,,SHA256=0010ae431c425e4f0010ae431c425e4f0010ae431c425e4f0010ae431c425e4f
2026-03-23 19:49:15.384,ENG-MAC-17,riley.kapoor,1,git,"git",cmd.exe,,,SHA256=001c8a635b928cac001c8a635b928cac001c8a635b928cac001c8a635b928cac
2026-03-23 19:55:13.775,BLD-RUN-02,taylor.owens,1,node,"node",launchd,,,SHA256=000b612c235eaa1d000b612c235eaa1d000b612c235eaa1d000b612c235eaa1d
2026-03-23 19:58:43.226,BLD-RUN-02,svc-export,1,python3,"python3",explorer.exe,,,SHA256=001931ac9df4f650001931ac9df4f650001931ac9df4f650001931ac9df4f650
2026-03-23 20:05:35.894,ENG-MAC-17,svc-build,1,chrome.exe,"chrome.exe",launchd,,,SHA256=0016c9ba9010ce020016c9ba9010ce020016c9ba9010ce020016c9ba9010ce02
2026-03-23 20:10:21.243,ENG-MAC-04,taylor.owens,1,powershell.exe,"powershell.exe",systemd,,,SHA256=0020da4598b515c40020da4598b515c40020da4598b515c40020da4598b515c4
2026-03-23 20:14:18.972,ENG-MAC-17,taylor.owens,1,sshd,"sshd",explorer.exe,,,SHA256=0008a39e0b4094d30008a39e0b4094d30008a39e0b4094d30008a39e0b4094d3
2026-03-23 20:23:54.491,ENG-MAC-17,morgan.sato,1,slack.exe,"slack.exe",launchd,,,SHA256=00106767c8dd3c0500106767c8dd3c0500106767c8dd3c0500106767c8dd3c05
2026-03-23 20:27:25.971,BLD-RUN-02,svc-build,1,outlook.exe,"outlook.exe",systemd,,,SHA256=000b7ae9c8489efb000b7ae9c8489efb000b7ae9c8489efb000b7ae9c8489efb
2026-03-23 20:36:27.996,FIN-WS22,riley.kapoor,1,node,"node",explorer.exe,,,SHA256=0014d47cf52e0e1e0014d47cf52e0e1e0014d47cf52e0e1e0014d47cf52e0e1e
2026-03-23 20:47:02.371,ENG-MAC-17,svc-export,1,python3,"python3",cmd.exe,,,SHA256=001c930e04125607001c930e04125607001c930e04125607001c930e04125607
2026-03-23 20:52:36.350,LINUX-JUMP-01,svc-build,1,powershell.exe,"powershell.exe",cmd.exe,,,SHA256=0002e4cfa4443d600002e4cfa4443d600002e4cfa4443d600002e4cfa4443d60
2026-03-23 21:01:10.603,BLD-RUN-02,svc-build,1,node,"node",explorer.exe,,,SHA256=001e0daeab06fc71001e0daeab06fc71001e0daeab06fc71001e0daeab06fc71
2026-03-23 21:06:45.782,BLD-RUN-02,alex.chen,1,node,"node",launchd,,,SHA256=00230fe5362629c600230fe5362629c600230fe5362629c600230fe5362629c6
2026-03-23 21:17:53.260,FIN-WS22,svc-build,1,outlook.exe,"outlook.exe",launchd,,,SHA256=0007143849e785b00007143849e785b00007143849e785b00007143849e785b0
2026-03-23 21:22:52.099,BLD-RUN-02,svc-export,1,chrome.exe,"chrome.exe",cmd.exe,,,SHA256=000408e4b08dbaa0000408e4b08dbaa0000408e4b08dbaa0000408e4b08dbaa0
2026-03-23 21:28:53.809,ENG-MAC-17,jamie.patel,1,git,"git",launchd,,,SHA256=000bb6b5e90f227e000bb6b5e90f227e000bb6b5e90f227e000bb6b5e90f227e
2026-03-23 21:38:46.024,BLD-RUN-02,svc-export,1,outlook.exe,"outlook.exe",launchd,,,SHA256=001f3b09aaadf989001f3b09aaadf989001f3b09aaadf989001f3b09aaadf989
2026-03-23 21:49:06.620,ENG-MAC-04,morgan.sato,1,sshd,"sshd",systemd,,,SHA256=0010f85d4e90ad6b0010f85d4e90ad6b0010f85d4e90ad6b0010f85d4e90ad6b
2026-03-23 21:59:55.574,BLD-RUN-02,svc-export,1,git,"git",cmd.exe,,,SHA256=00094b1c74d43b8600094b1c74d43b8600094b1c74d43b8600094b1c74d43b86
2026-03-23 22:07:21.295,BLD-RUN-02,riley.kapoor,1,git,"git",systemd,,,SHA256=0002d32abb9f63a10002d32abb9f63a10002d32abb9f63a10002d32abb9f63a1
2026-03-23 22:18:23.259,BLD-RUN-02,morgan.sato,1,outlook.exe,"outlook.exe",systemd,,,SHA256=0020a39cacd3e47c0020a39cacd3e47c0020a39cacd3e47c0020a39cacd3e47c
2026-03-23 22:25:29.366,FIN-WS22,riley.kapoor,1,chrome.exe,"chrome.exe",cmd.exe,,,SHA256=0007d9a38a5095f80007d9a38a5095f80007d9a38a5095f80007d9a38a5095f8
2026-03-23 22:29:53.994,FIN-WS17,morgan.sato,1,node,"node",launchd,,,SHA256=001b4a39443a10d7001b4a39443a10d7001b4a39443a10d7001b4a39443a10d7
2026-03-23 22:34:14.585,ENG-MAC-04,jamie.patel,1,python3,"python3",cmd.exe,,,SHA256=0001946afbf73e3c0001946afbf73e3c0001946afbf73e3c0001946afbf73e3c
2026-03-23 22:42:37.751,FIN-WS22,alex.chen,1,chrome.exe,"chrome.exe",systemd,,,SHA256=00148244038eb17600148244038eb17600148244038eb17600148244038eb176
2026-03-23 22:52:51.129,ENG-MAC-17,morgan.sato,1,slack.exe,"slack.exe",cmd.exe,,,SHA256=000a0a38205aa4bc000a0a38205aa4bc000a0a38205aa4bc000a0a38205aa4bc
2026-03-23 22:59:49.094,FIN-WS17,taylor.owens,1,node,"node",explorer.exe,,,SHA256=000cbb40a312e5db000cbb40a312e5db000cbb40a312e5db000cbb40a312e5db
2026-03-23 23:06:47.194,FIN-WS17,riley.kapoor,1,slack.exe,"slack.exe",explorer.exe,,,SHA256=000c0dd9005f8215000c0dd9005f8215000c0dd9005f8215000c0dd9005f8215
2026-03-23 23:10:13.884,ENG-MAC-17,jamie.patel,1,powershell.exe,"powershell.exe",launchd,,,SHA256=0015e509d249a0930015e509d249a0930015e509d249a0930015e509d249a093
2026-03-23 23:15:34.558,FIN-WS17,jamie.patel,1,python3,"python3",explorer.exe,,,SHA256=0014fd58bc84493f0014fd58bc84493f0014fd58bc84493f0014fd58bc84493f
2026-03-23 23:22:11.531,FIN-WS17,svc-export,1,outlook.exe,"outlook.exe",launchd,,,SHA256=001a7e08a96fe1e2001a7e08a96fe1e2001a7e08a96fe1e2001a7e08a96fe1e2
2026-03-23 23:28:57.822,FIN-WS17,morgan.sato,1,outlook.exe,"outlook.exe",explorer.exe,,,SHA256=001d6d37c0ac85d7001d6d37c0ac85d7001d6d37c0ac85d7001d6d37c0ac85d7
2026-03-23 23:39:29.340,FIN-WS17,svc-export,1,python3,"python3",systemd,,,SHA256=00046c0748c714b200046c0748c714b200046c0748c714b200046c0748c714b2
2026-03-23 23:47:20.166,ENG-MAC-04,taylor.owens,1,chrome.exe,"chrome.exe",launchd,,,SHA256=00007da3e7357aac00007da3e7357aac00007da3e7357aac00007da3e7357aac
2026-03-23 23:50:23.577,LINUX-JUMP-01,alex.chen,1,chrome.exe,"chrome.exe",systemd,,,SHA256=0018e142f73d59bc0018e142f73d59bc0018e142f73d59bc0018e142f73d59bc
2026-03-23 23:57:35.586,FIN-WS22,riley.kapoor,1,node,"node",launchd,,,SHA256=001b6b7621bc6c90001b6b7621bc6c90001b6b7621bc6c90001b6b7621bc6c90
2026-03-24 00:02:30.051,BLD-RUN-02,svc-build,1,git,"git",launchd,,,SHA256=00042ba65065ccf600042ba65065ccf600042ba65065ccf600042ba65065ccf6
2026-03-24 00:06:20.692,FIN-WS22,morgan.sato,1,sshd,"sshd",systemd,,,SHA256=000a37a23f594557000a37a23f594557000a37a23f594557000a37a23f594557
2026-03-24 00:14:05.088,FIN-WS17,svc-export,1,chrome.exe,"chrome.exe",launchd,,,SHA256=001827e864c7113e001827e864c7113e001827e864c7113e001827e864c7113e
2026-03-24 00:19:32.279,BLD-RUN-02,riley.kapoor,1,node,"node",launchd,,,SHA256=001303ce47737b32001303ce47737b32001303ce47737b32001303ce47737b32
2026-03-24 00:26:05.938,ENG-MAC-04,riley.kapoor,1,outlook.exe,"outlook.exe",systemd,,,SHA256=0018da2a89fbae470018da2a89fbae470018da2a89fbae470018da2a89fbae47
2026-03-24 00:30:20.008,ENG-MAC-17,alex.chen,1,git,"git",launchd,,,SHA256=000037467dc06830000037467dc06830000037467dc06830000037467dc06830
2026-03-24 00:38:57.756,FIN-WS17,morgan.sato,1,python3,"python3",systemd,,,SHA256=0000d2f994110cc20000d2f994110cc20000d2f994110cc20000d2f994110cc2
2026-03-24 00:45:16.661,ENG-MAC-04,svc-export,1,node,"node",systemd,,,SHA256=000cce7cbe717e14000cce7cbe717e14000cce7cbe717e14000cce7cbe717e14
2026-03-24 00:56:42.429,BLD-RUN-02,riley.kapoor,1,git,"git",cmd.exe,,,SHA256=001c07078a0f1cd0001c07078a0f1cd0001c07078a0f1cd0001c07078a0f1cd0
2026-03-24 01:01:31.549,ENG-MAC-04,taylor.owens,1,outlook.exe,"outlook.exe",cmd.exe,,,SHA256=0017f139dc8c02540017f139dc8c02540017f139dc8c02540017f139dc8c0254
2026-03-24 01:09:02.649,FIN-WS22,jamie.patel,1,python3,"python3",systemd,,,SHA256=001910d67f92f2a6001910d67f92f2a6001910d67f92f2a6001910d67f92f2a6
2026-03-24 01:14:05.787,ENG-MAC-04,jamie.patel,1,powershell.exe,"powershell.exe",systemd,,,SHA256=00071ad93c843e7000071ad93c843e7000071ad93c843e7000071ad93c843e70
2026-03-24 01:18:22.759,BLD-RUN-02,jamie.patel,1,chrome.exe,"chrome.exe",explorer.exe,,,SHA256=000e5c04536ee57f000e5c04536ee57f000e5c04536ee57f000e5c04536ee57f
2026-03-24 01:23:51.277,LINUX-JUMP-01,alex.chen,1,outlook.exe,"outlook.exe",cmd.exe,,,SHA256=001d313a6888507b001d313a6888507b001d313a6888507b001d313a6888507b
2026-03-24 01:27:46.018,BLD-RUN-02,svc-build,1,outlook.exe,"outlook.exe",explorer.exe,,,SHA256=00175c139a84fcca00175c139a84fcca00175c139a84fcca00175c139a84fcca
2026-03-24 01:39:08.354,ENG-MAC-04,taylor.owens,1,chrome.exe,"chrome.exe",launchd,,,SHA256=0015c8d0f7d707e50015c8d0f7d707e50015c8d0f7d707e50015c8d0f7d707e5
2026-03-24 01:47:16.052,FIN-WS22,svc-build,1,powershell.exe,"powershell.exe",explorer.exe,,,SHA256=0012456fe163b78b0012456fe163b78b0012456fe163b78b0012456fe163b78b
2026-03-24 01:54:40.178,LINUX-JUMP-01,taylor.owens,1,node,"node",explorer.exe,,,SHA256=00068660d70d7a8700068660d70d7a8700068660d70d7a8700068660d70d7a87
2026-03-24 02:01:08.401,ENG-MAC-04,morgan.sato,1,chrome.exe,"chrome.exe",cmd.exe,,,SHA256=0016f086fcd67a130016f086fcd67a130016f086fcd67a130016f086fcd67a13
2026-03-24 02:07:35.094,BLD-RUN-02,svc-build,1,outlook.exe,"outlook.exe",explorer.exe,,,SHA256=0019c5f8d5db3df50019c5f8d5db3df50019c5f8d5db3df50019c5f8d5db3df5
2026-03-24 02:15:46.181,FIN-WS17,svc-build,1,outlook.exe,"outlook.exe",explorer.exe,,,SHA256=00100166c17b2de800100166c17b2de800100166c17b2de800100166c17b2de8
2026-03-24 02:22:11.286,ENG-MAC-04,taylor.owens,1,git,"git",launchd,,,SHA256=002152fe339970fe002152fe339970fe002152fe339970fe002152fe339970fe
2026-03-24 02:31:11.998,ENG-MAC-04,morgan.sato,1,sshd,"sshd",systemd,,,SHA256=00196fd320b5dfed00196fd320b5dfed00196fd320b5dfed00196fd320b5dfed
2026-03-24 02:35:11.188,ENG-MAC-04,morgan.sato,1,python3,"python3",cmd.exe,,,SHA256=0008ded8803101850008ded8803101850008ded8803101850008ded880310185
2026-03-24 02:46:36.414,ENG-MAC-04,svc-build,1,git,"git",cmd.exe,,,SHA256=001f4dbd3af468d2001f4dbd3af468d2001f4dbd3af468d2001f4dbd3af468d2
2026-03-24 02:55:56.242,FIN-WS22,riley.kapoor,1,chrome.exe,"chrome.exe",explorer.exe,,,SHA256=00005662c69cda8600005662c69cda8600005662c69cda8600005662c69cda86
2026-03-24 02:59:01.330,LINUX-JUMP-01,riley.kapoor,1,python3,"python3",explorer.exe,,,SHA256=000716b14e386bc2000716b14e386bc2000716b14e386bc2000716b14e386bc2
2026-03-24 03:07:25.713,LINUX-JUMP-01,svc-export,1,powershell.exe,"powershell.exe",systemd,,,SHA256=001441b230cae662001441b230cae662001441b230cae662001441b230cae662
2026-03-24 03:15:04.840,FIN-WS22,alex.chen,1,git,"git",systemd,,,SHA256=000c6130c6c2374a000c6130c6c2374a000c6130c6c2374a000c6130c6c2374a
2026-03-24 03:25:26.385,ENG-MAC-17,taylor.owens,1,python3,"python3",systemd,,,SHA256=000f73126e97116d000f73126e97116d000f73126e97116d000f73126e97116d
2026-03-24 03:34:32.181,LINUX-JUMP-01,riley.kapoor,1,slack.exe,"slack.exe",systemd,,,SHA256=0009fc09456054860009fc09456054860009fc09456054860009fc0945605486
2026-03-24 03:39:33.124,ENG-MAC-17,svc-export,1,chrome.exe,"chrome.exe",launchd,,,SHA256=001f96fd7648b8b9001f96fd7648b8b9001f96fd7648b8b9001f96fd7648b8b9
2026-03-24 03:42:45.570,BLD-RUN-02,svc-build,1,outlook.exe,"outlook.exe",explorer.exe,,,SHA256=000d18156471d092000d18156471d092000d18156471d092000d18156471d092
2026-03-24 03:51:23.366,FIN-WS22,jamie.patel,1,powershell.exe,"powershell.exe",explorer.exe,,,SHA256=001c149285983123001c149285983123001c149285983123001c149285983123
2026-03-24 04:00:23.815,LINUX-JUMP-01,svc-build,1,powershell.exe,"powershell.exe",explorer.exe,,,SHA256=00049b5038b88c2e00049b5038b88c2e00049b5038b88c2e00049b5038b88c2e
2026-03-24 04:09:41.762,FIN-WS22,alex.chen,1,slack.exe,"slack.exe",launchd,,,SHA256=000f7bffbdd4529c000f7bffbdd4529c000f7bffbdd4529c000f7bffbdd4529c
2026-03-24 04:19:50.727,FIN-WS17,taylor.owens,1,outlook.exe,"outlook.exe",systemd,,,SHA256=0003508080a31db10003508080a31db10003508080a31db10003508080a31db1
2026-03-24 04:23:34.304,ENG-MAC-17,svc-build,1,powershell.exe,"powershell.exe",launchd,,,SHA256=00183ccde9cf33bb00183ccde9cf33bb00183ccde9cf33bb00183ccde9cf33bb
2026-03-24 04:29:09.485,LINUX-JUMP-01,svc-build,1,chrome.exe,"chrome.exe",launchd,,,SHA256=00150b713514113200150b713514113200150b713514113200150b7135141132
2026-03-24 04:33:24.399,FIN-WS22,svc-export,1,outlook.exe,"outlook.exe",explorer.exe,,,SHA256=001a35d403fa8183001a35d403fa8183001a35d403fa8183001a35d403fa8183
2026-03-24 04:42:28.218,LINUX-JUMP-01,riley.kapoor,1,chrome.exe,"chrome.exe",explorer.exe,,,SHA256=001300e2282692f4001300e2282692f4001300e2282692f4001300e2282692f4
2026-03-24 04:47:46.470,FIN-WS17,svc-export,1,node,"node",launchd,,,SHA256=000aa0398e8e1f6f000aa0398e8e1f6f000aa0398e8e1f6f000aa0398e8e1f6f
2026-03-24 04:58:00.215,LINUX-JUMP-01,svc-build,1,outlook.exe,"outlook.exe",cmd.exe,,,SHA256=000ffa0a6a21d011000ffa0a6a21d011000ffa0a6a21d011000ffa0a6a21d011
2026-03-24 05:06:45.808,ENG-MAC-04,taylor.owens,1,git,"git",launchd,,,SHA256=0021ec409e38fbc60021ec409e38fbc60021ec409e38fbc60021ec409e38fbc6
2026-03-24 05:18:10.277,ENG-MAC-17,alex.chen,1,slack.exe,"slack.exe",explorer.exe,,,SHA256=000c8c00ac2e9969000c8c00ac2e9969000c8c00ac2e9969000c8c00ac2e9969
2026-03-24 05:20:56.495,LINUX-JUMP-01,alex.chen,1,powershell.exe,"powershell.exe",launchd,,,SHA256=0000fa68344a441b0000fa68344a441b0000fa68344a441b0000fa68344a441b
2026-03-24 05:25:16.862,ENG-MAC-04,jamie.patel,1,powershell.exe,"powershell.exe",systemd,,,SHA256=00085333e02414cb00085333e02414cb00085333e02414cb00085333e02414cb
2026-03-24 05:32:22.370,LINUX-JUMP-01,alex.chen,1,chrome.exe,"chrome.exe",explorer.exe,,,SHA256=0009cd9d39cf66240009cd9d39cf66240009cd9d39cf66240009cd9d39cf6624
2026-03-24 05:37:47.801,FIN-WS17,svc-export,1,powershell.exe,"powershell.exe",systemd,,,SHA256=0007487023658863000748702365886300074870236588630007487023658863
2026-03-24 05:40:49.122,FIN-WS17,jamie.patel,1,git,"git",launchd,,,SHA256=00049b0d479888bf00049b0d479888bf00049b0d479888bf00049b0d479888bf
2026-03-24 05:50:05.470,FIN-WS22,alex.chen,1,chrome.exe,"chrome.exe",launchd,,,SHA256=0015bb7fedfe8c660015bb7fedfe8c660015bb7fedfe8c660015bb7fedfe8c66
2026-03-24 05:59:28.711,ENG-MAC-04,riley.kapoor,1,powershell.exe,"powershell.exe",launchd,,,SHA256=000d6b28018c6941000d6b28018c6941000d6b28018c6941000d6b28018c6941
2026-03-24 06:10:05.462,ENG-MAC-17,svc-build,1,chrome.exe,"chrome.exe",systemd,,,SHA256=001753513b992efc001753513b992efc001753513b992efc001753513b992efc
2026-03-24 06:20:20.476,LINUX-JUMP-01,jamie.patel,1,node,"node",cmd.exe,,,SHA256=00112b6ee725c90100112b6ee725c90100112b6ee725c90100112b6ee725c901
2026-03-24 06:24:10.890,ENG-MAC-04,riley.kapoor,1,node,"node",systemd,,,SHA256=000b7ef19e5fd66c000b7ef19e5fd66c000b7ef19e5fd66c000b7ef19e5fd66c
2026-03-24 06:33:26.364,FIN-WS17,svc-build,1,sshd,"sshd",launchd,,,SHA256=00219d28dc4fd72200219d28dc4fd72200219d28dc4fd72200219d28dc4fd722
2026-03-24 06:40:12.600,FIN-WS22,riley.kapoor,1,chrome.exe,"chrome.exe",launchd,,,SHA256=00175ef86a42ed8c00175ef86a42ed8c00175ef86a42ed8c00175ef86a42ed8c
2026-03-24 06:51:00.880,ENG-MAC-17,svc-export,1,git,"git",explorer.exe,,,SHA256=000dac4710ab42a6000dac4710ab42a6000dac4710ab42a6000dac4710ab42a6
2026-03-24 06:55:23.695,BLD-RUN-02,svc-export,1,sshd,"sshd",launchd,,,SHA256=0018a58a124da6690018a58a124da6690018a58a124da6690018a58a124da669
2026-03-24 07:04:49.471,FIN-WS17,jamie.patel,1,git,"git",explorer.exe,,,SHA256=00094240014de0b200094240014de0b200094240014de0b200094240014de0b2
2026-03-24 07:12:24.893,LINUX-JUMP-01,svc-export,1,git,"git",cmd.exe,,,SHA256=001499473af05f34001499473af05f34001499473af05f34001499473af05f34
2026-03-24 07:20:32.179,FIN-WS17,alex.chen,1,node,"node",launchd,,,SHA256=000eb9f8d461131d000eb9f8d461131d000eb9f8d461131d000eb9f8d461131d
2026-03-24 07:30:55.364,ENG-MAC-04,taylor.owens,1,sshd,"sshd",explorer.exe,,,SHA256=0018be45e503756f0018be45e503756f0018be45e503756f0018be45e503756f
2026-03-24 07:38:22.511,FIN-WS17,alex.chen,1,node,"node",explorer.exe,,,SHA256=001dd9dfe2135b3f001dd9dfe2135b3f001dd9dfe2135b3f001dd9dfe2135b3f
2026-03-24 07:47:11.822,BLD-RUN-02,riley.kapoor,1,chrome.exe,"chrome.exe",explorer.exe,,,SHA256=001ceb31cdc39358001ceb31cdc39358001ceb31cdc39358001ceb31cdc39358
2026-03-24 07:55:54.630,FIN-WS17,svc-build,1,outlook.exe,"outlook.exe",launchd,,,SHA256=000ced6af068c4f7000ced6af068c4f7000ced6af068c4f7000ced6af068c4f7
2026-03-24 08:00:36.765,BLD-RUN-02,morgan.sato,1,node,"node",launchd,,,SHA256=0014dd966cb5c3940014dd966cb5c3940014dd966cb5c3940014dd966cb5c394
2026-03-24 08:05:05.065,ENG-MAC-04,jamie.patel,1,slack.exe,"slack.exe",systemd,,,SHA256=00056f01af3715fb00056f01af3715fb00056f01af3715fb00056f01af3715fb
2026-03-24 08:14:04.902,FIN-WS17,svc-export,1,git,"git",explorer.exe,,,SHA256=0021342cb4cfd71e0021342cb4cfd71e0021342cb4cfd71e0021342cb4cfd71e
2026-03-24 08:18:18.287,ENG-MAC-04,morgan.sato,1,sshd,"sshd",systemd,,,SHA256=00080a28e276ed6600080a28e276ed6600080a28e276ed6600080a28e276ed66
2026-03-24 08:26:34.895,ENG-MAC-17,alex.chen,1,sshd,"sshd",explorer.exe,,,SHA256=00036e14bbabe97000036e14bbabe97000036e14bbabe97000036e14bbabe970
2026-03-24 08:36:38.600,FIN-WS17,jamie.patel,1,chrome.exe,"chrome.exe",cmd.exe,,,SHA256=000dbf474f5a3f7d000dbf474f5a3f7d000dbf474f5a3f7d000dbf474f5a3f7d
2026-03-24 08:40:21.703,ENG-MAC-17,svc-build,1,chrome.exe,"chrome.exe",cmd.exe,,,SHA256=000f0875a0140ef2000f0875a0140ef2000f0875a0140ef2000f0875a0140ef2
2026-03-24 08:43:53.941,FIN-WS17,jamie.patel,1,outlook.exe,"outlook.exe",systemd,,,SHA256=0008de00b0b7d9c30008de00b0b7d9c30008de00b0b7d9c30008de00b0b7d9c3
2026-03-24 08:53:22.922,ENG-MAC-17,morgan.sato,1,slack.exe,"slack.exe",launchd,,,SHA256=000691f44f7979a2000691f44f7979a2000691f44f7979a2000691f44f7979a2
2026-03-24 09:00:30.298,BLD-RUN-02,svc-export,1,python3,"python3",launchd,,,SHA256=000a1d80a192db40000a1d80a192db40000a1d80a192db40000a1d80a192db40
2026-03-24 09:08:00.647,ENG-MAC-04,alex.chen,1,chrome.exe,"chrome.exe",launchd,,,SHA256=0021f236d812a0040021f236d812a0040021f236d812a0040021f236d812a004
2026-03-24 09:14:58.582,LINUX-JUMP-01,svc-export,1,python3,"python3",systemd,,,SHA256=0001d21d69ef4d0c0001d21d69ef4d0c0001d21d69ef4d0c0001d21d69ef4d0c
2026-03-24 09:25:58.498,FIN-WS22,svc-export,1,chrome.exe,"chrome.exe",cmd.exe,,,SHA256=000cdda1f04f324b000cdda1f04f324b000cdda1f04f324b000cdda1f04f324b
2026-03-24 09:28:48.911,ENG-MAC-04,svc-build,1,slack.exe,"slack.exe",cmd.exe,,,SHA256=000166ef939f4720000166ef939f4720000166ef939f4720000166ef939f4720
2026-03-24 09:33:01.593,FIN-WS22,riley.kapoor,1,git,"git",launchd,,,SHA256=0008f00d297ce9c70008f00d297ce9c70008f00d297ce9c70008f00d297ce9c7
2026-03-24 09:36:30.396,LINUX-JUMP-01,taylor.owens,1,git,"git",systemd,,,SHA256=001c49681bd74d60001c49681bd74d60001c49681bd74d60001c49681bd74d60
2026-03-24 09:41:45.356,LINUX-JUMP-01,svc-build,1,outlook.exe,"outlook.exe",launchd,,,SHA256=00142a14ae2c7e9000142a14ae2c7e9000142a14ae2c7e9000142a14ae2c7e90
2026-03-24 09:45:27.642,FIN-WS17,jamie.patel,1,outlook.exe,"outlook.exe",systemd,,,SHA256=0009074cc08fd0e20009074cc08fd0e20009074cc08fd0e20009074cc08fd0e2
2026-03-24 09:51:27.196,LINUX-JUMP-01,morgan.sato,1,slack.exe,"slack.exe",cmd.exe,,,SHA256=001150b84c494f72001150b84c494f72001150b84c494f72001150b84c494f72
2026-03-24 10:00:28.289,ENG-MAC-04,taylor.owens,1,sshd,"sshd",cmd.exe,,,SHA256=000f86b6e2340183000f86b6e2340183000f86b6e2340183000f86b6e2340183
2026-03-24 10:04:53.190,ENG-MAC-04,riley.kapoor,1,powershell.exe,"powershell.exe",cmd.exe,,,SHA256=0015ce2fedaa88190015ce2fedaa88190015ce2fedaa88190015ce2fedaa8819
2026-03-24 10:09:29.068,BLD-RUN-02,alex.chen,1,python3,"python3",cmd.exe,,,SHA256=0022353b366c5bac0022353b366c5bac0022353b366c5bac0022353b366c5bac
2026-03-24 10:14:20.055,LINUX-JUMP-01,alex.chen,1,git,"git",launchd,,,SHA256=0009949a3dd4d1800009949a3dd4d1800009949a3dd4d1800009949a3dd4d180
2026-03-24 10:25:10.946,ENG-MAC-17,jamie.patel,1,slack.exe,"slack.exe",explorer.exe,,,SHA256=000097d5ea2e9e5e000097d5ea2e9e5e000097d5ea2e9e5e000097d5ea2e9e5e
2026-03-24 10:33:10.808,LINUX-JUMP-01,alex.chen,1,git,"git",launchd,,,SHA256=0006d40dd3a3d8960006d40dd3a3d8960006d40dd3a3d8960006d40dd3a3d896
2026-03-24 10:43:07.081,FIN-WS22,svc-build,1,outlook.exe,"outlook.exe",systemd,,,SHA256=0019672b62d615860019672b62d615860019672b62d615860019672b62d61586
2026-03-24 10:48:50.629,FIN-WS22,jamie.patel,1,node,"node",launchd,,,SHA256=0006256ea6ae37310006256ea6ae37310006256ea6ae37310006256ea6ae3731
2026-03-24 10:55:50.417,LINUX-JUMP-01,taylor.owens,1,python3,"python3",explorer.exe,,,SHA256=000133873f22647e000133873f22647e000133873f22647e000133873f22647e
2026-03-24 11:02:47.580,ENG-MAC-04,jamie.patel,1,powershell.exe,"powershell.exe",explorer.exe,,,SHA256=000fb1247f798b36000fb1247f798b36000fb1247f798b36000fb1247f798b36
2026-03-24 11:08:40.876,ENG-MAC-17,morgan.sato,1,sshd,"sshd",systemd,,,SHA256=0019a369556a3ce10019a369556a3ce10019a369556a3ce10019a369556a3ce1
2026-03-24 11:14:50.955,FIN-WS22,alex.chen,1,slack.exe,"slack.exe",systemd,,,SHA256=001dd2572135c808001dd2572135c808001dd2572135c808001dd2572135c808
2026-03-24 11:20:35.245,ENG-MAC-17,taylor.owens,1,outlook.exe,"outlook.exe",launchd,,,SHA256=001eebbb7d69ad93001eebbb7d69ad93001eebbb7d69ad93001eebbb7d69ad93
2026-03-24 11:26:58.157,FIN-WS17,svc-export,1,python3,"python3",cmd.exe,,,SHA256=0002d0a505af0e300002d0a505af0e300002d0a505af0e300002d0a505af0e30
2026-03-24 11:36:35.956,ENG-MAC-04,taylor.owens,1,sshd,"sshd",cmd.exe,,,SHA256=00024a143b57f60e00024a143b57f60e00024a143b57f60e00024a143b57f60e
2026-03-24 11:40:09.126,ENG-MAC-04,svc-build,1,git,"git",explorer.exe,,,SHA256=0016c0dd6f58954e0016c0dd6f58954e0016c0dd6f58954e0016c0dd6f58954e
2026-03-24 11:43:18.107,BLD-RUN-02,svc-build,1,node,"node",systemd,,,SHA256=000a03625ce409f0000a03625ce409f0000a03625ce409f0000a03625ce409f0
2026-03-24 11:47:05.470,LINUX-JUMP-01,riley.kapoor,1,slack.exe,"slack.exe",cmd.exe,,,SHA256=00035156476a743d00035156476a743d00035156476a743d00035156476a743d
2026-03-24 11:53:47.173,FIN-WS17,svc-build,1,chrome.exe,"chrome.exe",explorer.exe,,,SHA256=00225cfd5f7c30c400225cfd5f7c30c400225cfd5f7c30c400225cfd5f7c30c4
2026-03-24 11:56:39.562,FIN-WS17,alex.chen,1,python3,"python3",launchd,,,SHA256=00200a7f1d6f538c00200a7f1d6f538c00200a7f1d6f538c00200a7f1d6f538c
2026-03-24 12:07:23.003,FIN-WS22,jamie.patel,1,slack.exe,"slack.exe",explorer.exe,,,SHA256=0021c222c0026e100021c222c0026e100021c222c0026e100021c222c0026e10
2026-03-24 12:11:17.019,ENG-MAC-17,svc-build,1,sshd,"sshd",launchd,,,SHA256=000000d23b08561a000000d23b08561a000000d23b08561a000000d23b08561a
2026-03-24 12:21:38.806,ENG-MAC-17,jamie.patel,1,node,"node",cmd.exe,,,SHA256=00049eb434eb9d9e00049eb434eb9d9e00049eb434eb9d9e00049eb434eb9d9e
2026-03-24 12:28:44.063,FIN-WS22,morgan.sato,1,python3,"python3",systemd,,,SHA256=001889b6b6aec412001889b6b6aec412001889b6b6aec412001889b6b6aec412
2026-03-24 12:35:46.970,ENG-MAC-04,morgan.sato,1,sshd,"sshd",cmd.exe,,,SHA256=000383760e3d700d000383760e3d700d000383760e3d700d000383760e3d700d
2026-03-24 12:42:49.438,BLD-RUN-02,taylor.owens,1,slack.exe,"slack.exe",explorer.exe,,,SHA256=00177c5a3212440a00177c5a3212440a00177c5a3212440a00177c5a3212440a
2026-03-24 12:51:56.664,FIN-WS22,riley.kapoor,1,outlook.exe,"outlook.exe",systemd,,,SHA256=000474f2438cb399000474f2438cb399000474f2438cb399000474f2438cb399
2026-03-24 12:59:58.636,LINUX-JUMP-01,alex.chen,1,powershell.exe,"powershell.exe",cmd.exe,,,SHA256=0005da80d67cae740005da80d67cae740005da80d67cae740005da80d67cae74
2026-03-24 13:02:31.324,ENG-MAC-04,alex.chen,1,powershell.exe,"powershell.exe",explorer.exe,,,SHA256=00061015e05c952800061015e05c952800061015e05c952800061015e05c9528
2026-03-24 13:09:36.340,FIN-WS17,alex.chen,1,slack.exe,"slack.exe",launchd,,,SHA256=00179cf26fcac74f00179cf26fcac74f00179cf26fcac74f00179cf26fcac74f
2026-03-24 13:18:47.218,FIN-WS17,svc-build,1,node,"node",systemd,,,SHA256=001e78858099c598001e78858099c598001e78858099c598001e78858099c598
2026-03-24 13:23:41.108,BLD-RUN-02,jamie.patel,1,node,"node",launchd,,,SHA256=00113affd99d6a0a00113affd99d6a0a00113affd99d6a0a00113affd99d6a0a
2026-03-24 13:33:57.437,ENG-MAC-04,svc-build,1,git,"git",cmd.exe,,,SHA256=00142bda8866af4600142bda8866af4600142bda8866af4600142bda8866af46
2026-03-24 13:41:54.443,ENG-MAC-17,riley.kapoor,1,powershell.exe,"powershell.exe",cmd.exe,,,SHA256=000990072cdcf3b5000990072cdcf3b5000990072cdcf3b5000990072cdcf3b5
2026-03-24 13:51:58.771,LINUX-JUMP-01,taylor.owens,1,sshd,"sshd",launchd,,,SHA256=0002fc2fbbe827e00002fc2fbbe827e00002fc2fbbe827e00002fc2fbbe827e0
2026-03-24 13:57:14.521,FIN-WS17,morgan.sato,1,chrome.exe,"chrome.exe",cmd.exe,,,SHA256=000a4c3e2f39f76e000a4c3e2f39f76e000a4c3e2f39f76e000a4c3e2f39f76e
2026-03-24 14:01:02.047,LINUX-JUMP-01,jamie.patel,1,sshd,"sshd",systemd,,,SHA256=001028738dd94a6f001028738dd94a6f001028738dd94a6f001028738dd94a6f
2026-03-24 14:05:42.983,ENG-MAC-04,alex.chen,1,python3,"python3",systemd,,,SHA256=0020493dcb23890a0020493dcb23890a0020493dcb23890a0020493dcb23890a
2026-03-24 14:08:59.657,FIN-WS22,svc-export,1,chrome.exe,"chrome.exe",explorer.exe,,,SHA256=00237c964272659e00237c964272659e00237c964272659e00237c964272659e
2026-03-24 14:17:41.306,ENG-MAC-04,alex.chen,1,python3,"python3",explorer.exe,,,SHA256=001a066c86caaa00001a066c86caaa00001a066c86caaa00001a066c86caaa00
2026-03-24 14:23:47.095,BLD-RUN-02,riley.kapoor,1,chrome.exe,"chrome.exe",cmd.exe,,,SHA256=0016299ce11b2a500016299ce11b2a500016299ce11b2a500016299ce11b2a50
2026-03-24 14:33:51.405,FIN-WS17,svc-export,1,git,"git",launchd,,,SHA256=00094d723987a49c00094d723987a49c00094d723987a49c00094d723987a49c
2026-03-24 14:36:48.471,FIN-WS17,morgan.sato,1,sshd,"sshd",cmd.exe,,,SHA256=001f44a25c8b8660001f44a25c8b8660001f44a25c8b8660001f44a25c8b8660
2026-03-24 14:45:43.241,LINUX-JUMP-01,jamie.patel,1,chrome.exe,"chrome.exe",cmd.exe,,,SHA256=0002dc9d8f9361630002dc9d8f9361630002dc9d8f9361630002dc9d8f936163
2026-03-24 14:49:19.096,ENG-MAC-04,alex.chen,1,slack.exe,"slack.exe",explorer.exe,,,SHA256=000eff070725d7b7000eff070725d7b7000eff070725d7b7000eff070725d7b7
2026-03-24 14:59:10.332,FIN-WS22,jamie.patel,1,outlook.exe,"outlook.exe",explorer.exe,,,SHA256=001f53ec638902c3001f53ec638902c3001f53ec638902c3001f53ec638902c3
2026-03-24 15:08:51.328,LINUX-JUMP-01,taylor.owens,1,chrome.exe,"chrome.exe",cmd.exe,,,SHA256=001c5c341de36396001c5c341de36396001c5c341de36396001c5c341de36396
2026-03-24 15:14:22.186,FIN-WS17,alex.chen,1,git,"git",explorer.exe,,,SHA256=001f2fc7540852ff001f2fc7540852ff001f2fc7540852ff001f2fc7540852ff
2026-03-24 15:23:33.040,LINUX-JUMP-01,alex.chen,1,python3,"python3",launchd,,,SHA256=001a605d0ab13e1c001a605d0ab13e1c001a605d0ab13e1c001a605d0ab13e1c
2026-03-24 15:32:00.816,LINUX-JUMP-01,riley.kapoor,1,outlook.exe,"outlook.exe",launchd,,,SHA256=000ddf7fb44fd058000ddf7fb44fd058000ddf7fb44fd058000ddf7fb44fd058
2026-03-24 15:38:21.152,ENG-MAC-17,taylor.owens,1,slack.exe,"slack.exe",cmd.exe,,,SHA256=000dc70fd0380e18000dc70fd0380e18000dc70fd0380e18000dc70fd0380e18
2026-03-24 15:45:36.599,LINUX-JUMP-01,morgan.sato,1,chrome.exe,"chrome.exe",launchd,,,SHA256=0017c793883e637f0017c793883e637f0017c793883e637f0017c793883e637f
2026-03-24 15:49:55.823,FIN-WS17,svc-export,1,sshd,"sshd",cmd.exe,,,SHA256=0002b118861459140002b118861459140002b118861459140002b11886145914
2026-03-24 15:53:16.879,BLD-RUN-02,taylor.owens,1,node,"node",launchd,,,SHA256=0008509ed42d0c390008509ed42d0c390008509ed42d0c390008509ed42d0c39
2026-03-24 15:57:14.007,ENG-MAC-04,riley.kapoor,1,git,"git",systemd,,,SHA256=001833ce030b43a1001833ce030b43a1001833ce030b43a1001833ce030b43a1
2026-03-24 16:06:08.844,LINUX-JUMP-01,jamie.patel,1,chrome.exe,"chrome.exe",launchd,,,SHA256=000a3d31a3091052000a3d31a3091052000a3d31a3091052000a3d31a3091052
2026-03-24 16:09:24.215,BLD-RUN-02,taylor.owens,1,python3,"python3",systemd,,,SHA256=0016423d31abf1de0016423d31abf1de0016423d31abf1de0016423d31abf1de
2026-03-24 16:14:16.321,ENG-MAC-17,riley.kapoor,1,git,"git",launchd,,,SHA256=00000b2338a878c600000b2338a878c600000b2338a878c600000b2338a878c6
2026-03-24 16:16:57.443,LINUX-JUMP-01,svc-build,1,node,"node",cmd.exe,,,SHA256=00003299b40cf44d00003299b40cf44d00003299b40cf44d00003299b40cf44d
2026-03-24 16:21:38.262,ENG-MAC-17,alex.chen,1,python3,"python3",launchd,,,SHA256=00190eb418e8e92c00190eb418e8e92c00190eb418e8e92c00190eb418e8e92c
2026-03-24 16:26:52.349,ENG-MAC-04,morgan.sato,1,python3,"python3",launchd,,,SHA256=00116b417caf6cd900116b417caf6cd900116b417caf6cd900116b417caf6cd9
2026-03-24 16:29:34.821,FIN-WS17,svc-build,1,git,"git",launchd,,,SHA256=000acf9091731d65000acf9091731d65000acf9091731d65000acf9091731d65
2026-03-24 16:32:25.889,ENG-MAC-04,riley.kapoor,1,outlook.exe,"outlook.exe",launchd,,,SHA256=002170c86bccd822002170c86bccd822002170c86bccd822002170c86bccd822
2026-03-24 16:43:35.042,BLD-RUN-02,jamie.patel,1,outlook.exe,"outlook.exe",launchd,,,SHA256=000fae55f5d69984000fae55f5d69984000fae55f5d69984000fae55f5d69984
2026-03-24 16:49:23.754,BLD-RUN-02,svc-export,1,slack.exe,"slack.exe",explorer.exe,,,SHA256=001fc39ad950a709001fc39ad950a709001fc39ad950a709001fc39ad950a709
2026-03-24 16:54:18.315,LINUX-JUMP-01,morgan.sato,1,powershell.exe,"powershell.exe",cmd.exe,,,SHA256=0007e691f5b057ff0007e691f5b057ff0007e691f5b057ff0007e691f5b057ff
2026-03-24 16:57:18.065,BLD-RUN-02,jamie.patel,1,outlook.exe,"outlook.exe",systemd,,,SHA256=000c36c815971482000c36c815971482000c36c815971482000c36c815971482
2026-03-24 17:07:09.860,FIN-WS17,riley.kapoor,1,python3,"python3",explorer.exe,,,SHA256=00133e49e431821600133e49e431821600133e49e431821600133e49e4318216
2026-03-24 17:11:22.908,ENG-MAC-04,alex.chen,1,node,"node",explorer.exe,,,SHA256=0011ba69830ae3980011ba69830ae3980011ba69830ae3980011ba69830ae398
2026-03-24 17:16:48.652,LINUX-JUMP-01,jamie.patel,1,chrome.exe,"chrome.exe",systemd,,,SHA256=000aeb1b9ee07e82000aeb1b9ee07e82000aeb1b9ee07e82000aeb1b9ee07e82
2026-03-24 17:19:51.432,FIN-WS22,svc-build,1,git,"git",explorer.exe,,,SHA256=000f305f2921f1bb000f305f2921f1bb000f305f2921f1bb000f305f2921f1bb
2026-03-24 17:27:14.302,FIN-WS22,alex.chen,1,git,"git",systemd,,,SHA256=000402f93500e261000402f93500e261000402f93500e261000402f93500e261
2026-03-24 17:34:01.329,ENG-MAC-17,taylor.owens,1,outlook.exe,"outlook.exe",systemd,,,SHA256=001b32fe3938c951001b32fe3938c951001b32fe3938c951001b32fe3938c951
2026-03-24 17:40:17.539,BLD-RUN-02,jamie.patel,1,powershell.exe,"powershell.exe",cmd.exe,,,SHA256=000566c66422105f000566c66422105f000566c66422105f000566c66422105f
2026-03-24 17:43:48.673,BLD-RUN-02,svc-export,1,slack.exe,"slack.exe",explorer.exe,,,SHA256=0020695dafe4a07a0020695dafe4a07a0020695dafe4a07a0020695dafe4a07a
2026-03-24 17:49:47.076,LINUX-JUMP-01,morgan.sato,1,python3,"python3",explorer.exe,,,SHA256=000f08bec5199228000f08bec5199228000f08bec5199228000f08bec5199228
2026-03-24 17:58:13.192,FIN-WS17,svc-export,1,outlook.exe,"outlook.exe",launchd,,,SHA256=000d8d64535b7024000d8d64535b7024000d8d64535b7024000d8d64535b7024
2026-03-24 18:02:23.756,ENG-MAC-04,jamie.patel,1,node,"node",explorer.exe,,,SHA256=001285dd5353780c001285dd5353780c001285dd5353780c001285dd5353780c
2026-03-24 18:12:11.198,FIN-WS22,riley.kapoor,1,node,"node",launchd,,,SHA256=000841435f330f51000841435f330f51000841435f330f51000841435f330f51
2026-03-24 18:23:00.993,BLD-RUN-02,svc-build,1,slack.exe,"slack.exe",launchd,,,SHA256=0014070453574af30014070453574af30014070453574af30014070453574af3
2026-03-24 18:29:15.486,FIN-WS17,morgan.sato,1,node,"node",launchd,,,SHA256=001ab3c5c9a87ea7001ab3c5c9a87ea7001ab3c5c9a87ea7001ab3c5c9a87ea7
2026-03-24 18:34:08.667,FIN-WS17,svc-export,1,sshd,"sshd",systemd,,,SHA256=00019da50a8b5c8100019da50a8b5c8100019da50a8b5c8100019da50a8b5c81
2026-03-24 18:39:34.695,FIN-WS17,riley.kapoor,1,outlook.exe,"outlook.exe",launchd,,,SHA256=001cb31e9859d038001cb31e9859d038001cb31e9859d038001cb31e9859d038
2026-03-24 18:50:25.741,LINUX-JUMP-01,svc-build,1,git,"git",systemd,,,SHA256=0017efe943f9818c0017efe943f9818c0017efe943f9818c0017efe943f9818c
2026-03-24 18:59:27.692,LINUX-JUMP-01,svc-build,1,slack.exe,"slack.exe",launchd,,,SHA256=001393d397495791001393d397495791001393d397495791001393d397495791
2026-03-24 19:10:25.000,ENG-MAC-17,jamie.patel,1,node,"node",launchd,,,SHA256=0010e61eee7582bd0010e61eee7582bd0010e61eee7582bd0010e61eee7582bd
2026-03-24 19:13:01.698,LINUX-JUMP-01,jamie.patel,1,outlook.exe,"outlook.exe",explorer.exe,,,SHA256=000d749873280e07000d749873280e07000d749873280e07000d749873280e07
2026-03-24 19:18:01.432,ENG-MAC-17,jamie.patel,1,chrome.exe,"chrome.exe",cmd.exe,,,SHA256=0019d9159417cf840019d9159417cf840019d9159417cf840019d9159417cf84
2026-03-24 19:25:05.999,ENG-MAC-17,svc-build,1,slack.exe,"slack.exe",cmd.exe,,,SHA256=000c1615a120573f000c1615a120573f000c1615a120573f000c1615a120573f
2026-03-24 19:35:13.911,FIN-WS17,svc-build,1,git,"git",cmd.exe,,,SHA256=0011dc5782803f410011dc5782803f410011dc5782803f410011dc5782803f41
2026-03-24 19:42:46.190,ENG-MAC-17,svc-build,1,chrome.exe,"chrome.exe",systemd,,,SHA256=000e43895b4691fe000e43895b4691fe000e43895b4691fe000e43895b4691fe
2026-03-24 19:53:57.934,ENG-MAC-17,morgan.sato,1,chrome.exe,"chrome.exe",systemd,,,SHA256=001f67679bb3ecae001f67679bb3ecae001f67679bb3ecae001f67679bb3ecae
2026-03-24 20:03:47.048,BLD-RUN-02,alex.chen,1,node,"node",launchd,,,SHA256=00089d08b543213200089d08b543213200089d08b543213200089d08b5432132
2026-03-24 20:13:05.334,FIN-WS22,alex.chen,1,chrome.exe,"chrome.exe",cmd.exe,,,SHA256=0004e6157d7077910004e6157d7077910004e6157d7077910004e6157d707791
2026-03-24 20:22:05.241,BLD-RUN-02,svc-build,1,slack.exe,"slack.exe",systemd,,,SHA256=00120abab7fcd93f00120abab7fcd93f00120abab7fcd93f00120abab7fcd93f
2026-03-24 20:25:54.980,FIN-WS17,morgan.sato,1,outlook.exe,"outlook.exe",systemd,,,SHA256=000e28a54f2638a1000e28a54f2638a1000e28a54f2638a1000e28a54f2638a1
2026-03-24 20:33:36.209,ENG-MAC-04,jamie.patel,1,chrome.exe,"chrome.exe",systemd,,,SHA256=0018518300b3fd8d0018518300b3fd8d0018518300b3fd8d0018518300b3fd8d
2026-03-24 20:39:36.607,LINUX-JUMP-01,taylor.owens,1,node,"node",systemd,,,SHA256=00174eb50e0d33b800174eb50e0d33b800174eb50e0d33b800174eb50e0d33b8
2026-03-24 20:47:32.676,FIN-WS22,svc-export,1,slack.exe,"slack.exe",systemd,,,SHA256=0000efb8c9393a500000efb8c9393a500000efb8c9393a500000efb8c9393a50
2026-03-24 20:52:18.066,ENG-MAC-04,taylor.owens,1,chrome.exe,"chrome.exe",launchd,,,SHA256=00037ded2ea9d43800037ded2ea9d43800037ded2ea9d43800037ded2ea9d438
2026-03-24 21:03:15.387,FIN-WS17,jamie.patel,1,powershell.exe,"powershell.exe",systemd,,,SHA256=000712b05cd44699000712b05cd44699000712b05cd44699000712b05cd44699
2026-03-24 21:08:44.379,FIN-WS22,morgan.sato,1,chrome.exe,"chrome.exe",explorer.exe,,,SHA256=00039d2f4fe2bfc200039d2f4fe2bfc200039d2f4fe2bfc200039d2f4fe2bfc2
2026-03-24 21:15:49.769,ENG-MAC-04,svc-export,1,python3,"python3",systemd,,,SHA256=001420061b561a9c001420061b561a9c001420061b561a9c001420061b561a9c
2026-03-24 21:19:45.124,ENG-MAC-17,taylor.owens,1,slack.exe,"slack.exe",explorer.exe,,,SHA256=000edf5366004b14000edf5366004b14000edf5366004b14000edf5366004b14
2026-03-24 21:23:25.363,BLD-RUN-02,riley.kapoor,1,python3,"python3",systemd,,,SHA256=000a4f1ed219e642000a4f1ed219e642000a4f1ed219e642000a4f1ed219e642
2026-03-24 21:34:44.806,FIN-WS22,morgan.sato,1,outlook.exe,"outlook.exe",explorer.exe,,,SHA256=000cb274ec2d5d41000cb274ec2d5d41000cb274ec2d5d41000cb274ec2d5d41
2026-03-24 21:40:27.979,FIN-WS22,jamie.patel,1,python3,"python3",launchd,,,SHA256=00179f2aa3d333f100179f2aa3d333f100179f2aa3d333f100179f2aa3d333f1
2026-03-24 21:46:58.978,ENG-MAC-17,riley.kapoor,1,slack.exe,"slack.exe",launchd,,,SHA256=00001b674af1cd1700001b674af1cd1700001b674af1cd1700001b674af1cd17
2026-03-24 21:57:37.666,LINUX-JUMP-01,svc-export,1,outlook.exe,"outlook.exe",cmd.exe,,,SHA256=000cd0c1e436e399000cd0c1e436e399000cd0c1e436e399000cd0c1e436e399
2026-03-24 22:05:17.019,ENG-MAC-04,alex.chen,1,chrome.exe,"chrome.exe",cmd.exe,,,SHA256=001b826efd1284cb001b826efd1284cb001b826efd1284cb001b826efd1284cb
2026-03-24 22:13:38.706,FIN-WS17,svc-build,1,python3,"python3",systemd,,,SHA256=001192aa6294ea02001192aa6294ea02001192aa6294ea02001192aa6294ea02
2026-03-24 22:22:20.583,BLD-RUN-02,alex.chen,1,powershell.exe,"powershell.exe",launchd,,,SHA256=001ebc4fd92ff7e9001ebc4fd92ff7e9001ebc4fd92ff7e9001ebc4fd92ff7e9
2026-03-24 22:29:50.969,FIN-WS17,alex.chen,1,node,"node",cmd.exe,,,SHA256=0018f8f8834500530018f8f8834500530018f8f8834500530018f8f883450053
2026-03-24 22:34:44.878,ENG-MAC-17,taylor.owens,1,outlook.exe,"outlook.exe",cmd.exe,,,SHA256=000d007bcdbeb779000d007bcdbeb779000d007bcdbeb779000d007bcdbeb779
2026-03-24 22:37:25.084,FIN-WS22,taylor.owens,1,slack.exe,"slack.exe",explorer.exe,,,SHA256=00169cbc8b99afe400169cbc8b99afe400169cbc8b99afe400169cbc8b99afe4
2026-03-24 22:47:18.039,FIN-WS17,alex.chen,1,outlook.exe,"outlook.exe",explorer.exe,,,SHA256=0004078e708730740004078e708730740004078e708730740004078e70873074
2026-03-24 22:54:07.024,BLD-RUN-02,jamie.patel,1,python3,"python3",explorer.exe,,,SHA256=00139245f528664700139245f528664700139245f528664700139245f5286647
2026-03-24 22:59:12.003,FIN-WS17,morgan.sato,1,sshd,"sshd",systemd,,,SHA256=001407d3f95fe068001407d3f95fe068001407d3f95fe068001407d3f95fe068
2026-03-24 23:04:30.803,FIN-WS22,jamie.patel,1,git,"git",systemd,,,SHA256=00206f71d7ab7d9200206f71d7ab7d9200206f71d7ab7d9200206f71d7ab7d92
2026-03-24 23:12:06.396,LINUX-JUMP-01,svc-export,1,python3,"python3",cmd.exe,,,SHA256=000876b5cd7e8c69000876b5cd7e8c69000876b5cd7e8c69000876b5cd7e8c69
2026-03-24 23:17:21.128,LINUX-JUMP-01,taylor.owens,1,chrome.exe,"chrome.exe",explorer.exe,,,SHA256=0006f643a4f264f10006f643a4f264f10006f643a4f264f10006f643a4f264f1
2026-03-24 23:21:05.096,ENG-MAC-04,svc-export,1,outlook.exe,"outlook.exe",launchd,,,SHA256=001308446af4463a001308446af4463a001308446af4463a001308446af4463a
2026-03-24 23:26:00.967,FIN-WS17,morgan.sato,1,git,"git",launchd,,,SHA256=000a1f3c6bce556b000a1f3c6bce556b000a1f3c6bce556b000a1f3c6bce556b
2026-03-24 23:36:53.232,FIN-WS17,svc-export,1,slack.exe,"slack.exe",cmd.exe,,,SHA256=0022280b15814bba0022280b15814bba0022280b15814bba0022280b15814bba
2026-03-24 23:44:42.115,ENG-MAC-04,riley.kapoor,1,powershell.exe,"powershell.exe",cmd.exe,,,SHA256=0005d72ac9fd3ef30005d72ac9fd3ef30005d72ac9fd3ef30005d72ac9fd3ef3
2026-03-24 23:55:00.530,ENG-MAC-17,jamie.patel,1,powershell.exe,"powershell.exe",cmd.exe,,,SHA256=00025f71ca3d0c9300025f71ca3d0c9300025f71ca3d0c9300025f71ca3d0c93
2026-03-25 00:04:09.975,BLD-RUN-02,taylor.owens,1,sshd,"sshd",cmd.exe,,,SHA256=001cc9b0a6aed9b1001cc9b0a6aed9b1001cc9b0a6aed9b1001cc9b0a6aed9b1
2026-03-25 00:13:25.015,LINUX-JUMP-01,alex.chen,1,chrome.exe,"chrome.exe",explorer.exe,,,SHA256=001709952fade220001709952fade220001709952fade220001709952fade220
2026-03-25 00:16:36.884,ENG-MAC-04,riley.kapoor,1,sshd,"sshd",launchd,,,SHA256=001041cd36040791001041cd36040791001041cd36040791001041cd36040791
2026-03-25 00:22:49.233,BLD-RUN-02,taylor.owens,1,chrome.exe,"chrome.exe",explorer.exe,,,SHA256=0000192cf84a459e0000192cf84a459e0000192cf84a459e0000192cf84a459e
2026-03-25 00:29:31.444,FIN-WS17,alex.chen,1,node,"node",explorer.exe,,,SHA256=0017a84a47c1f20a0017a84a47c1f20a0017a84a47c1f20a0017a84a47c1f20a
2026-03-25 00:34:49.250,LINUX-JUMP-01,svc-build,1,powershell.exe,"powershell.exe",launchd,,,SHA256=000a0df95c039095000a0df95c039095000a0df95c039095000a0df95c039095
2026-03-25 00:41:54.457,ENG-MAC-17,morgan.sato,1,powershell.exe,"powershell.exe",systemd,,,SHA256=001e5eefb9f79032001e5eefb9f79032001e5eefb9f79032001e5eefb9f79032
2026-03-25 00:53:14.845,ENG-MAC-04,jamie.patel,1,powershell.exe,"powershell.exe",launchd,,,SHA256=000916d89ba09388000916d89ba09388000916d89ba09388000916d89ba09388
2026-03-25 00:59:45.152,BLD-RUN-02,jamie.patel,1,node,"node",launchd,,,SHA256=000835f06a2d8101000835f06a2d8101000835f06a2d8101000835f06a2d8101
2026-03-25 01:02:27.401,FIN-WS22,svc-export,1,sshd,"sshd",cmd.exe,,,SHA256=000025acab648ed9000025acab648ed9000025acab648ed9000025acab648ed9
2026-03-25 01:05:04.567,BLD-RUN-02,svc-export,1,python3,"python3",launchd,,,SHA256=0009e621420e65e40009e621420e65e40009e621420e65e40009e621420e65e4
2026-03-25 01:12:20.159,ENG-MAC-17,svc-export,1,git,"git",cmd.exe,,,SHA256=000d409beabd5a01000d409beabd5a01000d409beabd5a01000d409beabd5a01
2026-03-25 01:22:16.021,FIN-WS22,riley.kapoor,1,powershell.exe,"powershell.exe",explorer.exe,,,SHA256=0008555528a529840008555528a529840008555528a529840008555528a52984
2026-03-25 01:26:13.597,FIN-WS17,svc-build,1,git,"git",launchd,,,SHA256=00074fd79578c4f000074fd79578c4f000074fd79578c4f000074fd79578c4f0
2026-03-25 01:29:05.779,ENG-MAC-04,taylor.owens,1,powershell.exe,"powershell.exe",systemd,,,SHA256=0007e4cad7d4ded60007e4cad7d4ded60007e4cad7d4ded60007e4cad7d4ded6
2026-03-25 01:33:56.840,FIN-WS17,morgan.sato,1,node,"node",cmd.exe,,,SHA256=0017b27dd5777fc10017b27dd5777fc10017b27dd5777fc10017b27dd5777fc1
2026-03-25 01:40:00.122,FIN-WS17,riley.kapoor,1,chrome.exe,"chrome.exe",launchd,,,SHA256=002236b6d8042466002236b6d8042466002236b6d8042466002236b6d8042466
2026-03-25 01:48:34.119,ENG-MAC-04,morgan.sato,1,slack.exe,"slack.exe",systemd,,,SHA256=0007124a9e2a14a00007124a9e2a14a00007124a9e2a14a00007124a9e2a14a0
2026-03-25 01:58:58.139,BLD-RUN-02,morgan.sato,1,node,"node",launchd,,,SHA256=0008861b4d3137de0008861b4d3137de0008861b4d3137de0008861b4d3137de
2026-03-25 02:03:33.431,FIN-WS22,alex.chen,1,sshd,"sshd",cmd.exe,,,SHA256=002050913df9bffe002050913df9bffe002050913df9bffe002050913df9bffe
2026-03-25 02:11:32.726,ENG-MAC-04,morgan.sato,1,powershell.exe,"powershell.exe",cmd.exe,,,SHA256=0012ef1df92225dc0012ef1df92225dc0012ef1df92225dc0012ef1df92225dc
2026-03-25 02:14:22.671,BLD-RUN-02,svc-build,1,powershell.exe,"powershell.exe",explorer.exe,,,SHA256=000f8232a94032f6000f8232a94032f6000f8232a94032f6000f8232a94032f6
2026-03-25 02:23:15.359,FIN-WS22,alex.chen,1,outlook.exe,"outlook.exe",cmd.exe,,,SHA256=0011c4031caac1f40011c4031caac1f40011c4031caac1f40011c4031caac1f4
2026-03-25 02:34:36.636,FIN-WS22,alex.chen,1,outlook.exe,"outlook.exe",launchd,,,SHA256=0014ddfc005a8bf90014ddfc005a8bf90014ddfc005a8bf90014ddfc005a8bf9
2026-03-25 02:38:53.368,FIN-WS22,jamie.patel,1,chrome.exe,"chrome.exe",systemd,,,SHA256=0007f8ab5feb53010007f8ab5feb53010007f8ab5feb53010007f8ab5feb5301
2026-03-25 02:43:06.426,ENG-MAC-04,taylor.owens,1,sshd,"sshd",explorer.exe,,,SHA256=000aa5f97e1411bf000aa5f97e1411bf000aa5f97e1411bf000aa5f97e1411bf
2026-03-25 02:47:51.530,LINUX-JUMP-01,svc-build,1,slack.exe,"slack.exe",systemd,,,SHA256=000e34d5b1a91fb3000e34d5b1a91fb3000e34d5b1a91fb3000e34d5b1a91fb3
2026-03-25 02:52:40.885,FIN-WS17,svc-build,1,powershell.exe,"powershell.exe",systemd,,,SHA256=001996d8c8d17c71001996d8c8d17c71001996d8c8d17c71001996d8c8d17c71
2026-03-25 02:58:02.959,LINUX-JUMP-01,morgan.sato,1,chrome.exe,"chrome.exe",launchd,,,SHA256=001f2ccf93ab4755001f2ccf93ab4755001f2ccf93ab4755001f2ccf93ab4755
2026-03-25 03:05:17.862,FIN-WS17,jamie.patel,1,slack.exe,"slack.exe",explorer.exe,,,SHA256=000feed86923d911000feed86923d911000feed86923d911000feed86923d911
2026-03-25 03:16:17.368,BLD-RUN-02,svc-build,1,powershell.exe,"powershell.exe",cmd.exe,,,SHA256=0008a63126f292dc0008a63126f292dc0008a63126f292dc0008a63126f292dc
2026-03-25 03:25:41.184,ENG-MAC-17,svc-build,1,node,"node",systemd,,,SHA256=00089c52aa43532c00089c52aa43532c00089c52aa43532c00089c52aa43532c
2026-03-25 03:30:47.919,BLD-RUN-02,svc-build,1,sshd,"sshd",launchd,,,SHA256=000c7de3c6152a37000c7de3c6152a37000c7de3c6152a37000c7de3c6152a37
2026-03-25 03:41:47.372,LINUX-JUMP-01,svc-export,1,node,"node",launchd,,,SHA256=001a0b970dbe70c2001a0b970dbe70c2001a0b970dbe70c2001a0b970dbe70c2
2026-03-25 03:50:40.992,ENG-MAC-17,taylor.owens,1,powershell.exe,"powershell.exe",systemd,,,SHA256=0022e2704ca459d40022e2704ca459d40022e2704ca459d40022e2704ca459d4
2026-03-25 03:53:24.239,FIN-WS17,taylor.owens,1,outlook.exe,"outlook.exe",systemd,,,SHA256=0021943c91b28c740021943c91b28c740021943c91b28c740021943c91b28c74
2026-03-25 04:03:46.342,ENG-MAC-17,alex.chen,1,sshd,"sshd",systemd,,,SHA256=0001a7b7df10d4700001a7b7df10d4700001a7b7df10d4700001a7b7df10d470
2026-03-25 04:14:51.654,FIN-WS17,taylor.owens,1,outlook.exe,"outlook.exe",explorer.exe,,,SHA256=0017c517760d99ed0017c517760d99ed0017c517760d99ed0017c517760d99ed
2026-03-25 04:19:48.223,ENG-MAC-04,morgan.sato,1,node,"node",explorer.exe,,,SHA256=000092c216231d23000092c216231d23000092c216231d23000092c216231d23
2026-03-25 04:24:32.862,ENG-MAC-17,alex.chen,1,powershell.exe,"powershell.exe",systemd,,,SHA256=0022f133db8080940022f133db8080940022f133db8080940022f133db808094
2026-03-25 04:28:11.193,ENG-MAC-04,taylor.owens,1,sshd,"sshd",cmd.exe,,,SHA256=00114c24e23905ab00114c24e23905ab00114c24e23905ab00114c24e23905ab
2026-03-25 04:38:32.889,LINUX-JUMP-01,svc-export,1,git,"git",systemd,,,SHA256=0010d6ca81fc98720010d6ca81fc98720010d6ca81fc98720010d6ca81fc9872
2026-03-25 04:41:17.434,ENG-MAC-04,svc-build,1,git,"git",cmd.exe,,,SHA256=000233ffdbd46cf6000233ffdbd46cf6000233ffdbd46cf6000233ffdbd46cf6
2026-03-25 04:46:38.672,ENG-MAC-17,alex.chen,1,outlook.exe,"outlook.exe",explorer.exe,,,SHA256=00218a088497156000218a088497156000218a088497156000218a0884971560
2026-03-25 04:56:25.546,BLD-RUN-02,jamie.patel,1,git,"git",cmd.exe,,,SHA256=002263d83a59a9f4002263d83a59a9f4002263d83a59a9f4002263d83a59a9f4
2026-03-25 04:59:23.701,ENG-MAC-17,svc-build,1,python3,"python3",launchd,,,SHA256=0017b527d5796c740017b527d5796c740017b527d5796c740017b527d5796c74
2026-03-25 05:06:23.914,LINUX-JUMP-01,jamie.patel,1,sshd,"sshd",systemd,,,SHA256=0002c6e6e8424e9c0002c6e6e8424e9c0002c6e6e8424e9c0002c6e6e8424e9c
2026-03-25 05:15:58.058,FIN-WS22,taylor.owens,1,sshd,"sshd",explorer.exe,,,SHA256=0010e7955ce4ffac0010e7955ce4ffac0010e7955ce4ffac0010e7955ce4ffac
2026-03-25 05:21:44.836,LINUX-JUMP-01,svc-build,1,chrome.exe,"chrome.exe",cmd.exe,,,SHA256=00096e809bab2f3e00096e809bab2f3e00096e809bab2f3e00096e809bab2f3e
2026-03-25 05:25:52.886,ENG-MAC-17,riley.kapoor,1,outlook.exe,"outlook.exe",explorer.exe,,,SHA256=0008422946109bdb0008422946109bdb0008422946109bdb0008422946109bdb
2026-03-25 05:31:28.771,LINUX-JUMP-01,svc-build,1,git,"git",launchd,,,SHA256=00091a0348c8da0a00091a0348c8da0a00091a0348c8da0a00091a0348c8da0a
2026-03-25 05:42:46.433,FIN-WS17,riley.kapoor,1,sshd,"sshd",launchd,,,SHA256=0011313cc77b94d30011313cc77b94d30011313cc77b94d30011313cc77b94d3
2026-03-25 05:49:21.153,BLD-RUN-02,morgan.sato,1,node,"node",launchd,,,SHA256=000e70415c4ceae0000e70415c4ceae0000e70415c4ceae0000e70415c4ceae0
2026-03-25 05:57:46.937,BLD-RUN-02,svc-export,1,python3,"python3",launchd,,,SHA256=000c206ad62a8bd2000c206ad62a8bd2000c206ad62a8bd2000c206ad62a8bd2
2026-03-25 06:08:27.363,FIN-WS17,jamie.patel,1,slack.exe,"slack.exe",systemd,,,SHA256=00029b68b6f8e75900029b68b6f8e75900029b68b6f8e75900029b68b6f8e759
2026-03-25 06:12:05.771,LINUX-JUMP-01,taylor.owens,1,outlook.exe,"outlook.exe",launchd,,,SHA256=001f7291aac42c30001f7291aac42c30001f7291aac42c30001f7291aac42c30
2026-03-25 06:15:04.568,FIN-WS17,taylor.owens,1,chrome.exe,"chrome.exe",launchd,,,SHA256=0011e21c96318f150011e21c96318f150011e21c96318f150011e21c96318f15
2026-03-25 06:17:42.342,ENG-MAC-04,riley.kapoor,1,sshd,"sshd",explorer.exe,,,SHA256=0016ca9f911d6a490016ca9f911d6a490016ca9f911d6a490016ca9f911d6a49
2026-03-25 06:23:32.265,LINUX-JUMP-01,riley.kapoor,1,outlook.exe,"outlook.exe",explorer.exe,,,SHA256=000e7ea467facc45000e7ea467facc45000e7ea467facc45000e7ea467facc45
2026-03-25 06:31:20.422,LINUX-JUMP-01,riley.kapoor,1,sshd,"sshd",explorer.exe,,,SHA256=0020eacd9f1410a60020eacd9f1410a60020eacd9f1410a60020eacd9f1410a6
2026-03-25 06:34:56.486,LINUX-JUMP-01,jamie.patel,1,powershell.exe,"powershell.exe",systemd,,,SHA256=00172044cd91b07a00172044cd91b07a00172044cd91b07a00172044cd91b07a
2026-03-25 06:41:03.663,LINUX-JUMP-01,taylor.owens,1,sshd,"sshd",explorer.exe,,,SHA256=0003c2b8851fa7710003c2b8851fa7710003c2b8851fa7710003c2b8851fa771
2026-03-25 06:47:25.761,ENG-MAC-04,alex.chen,1,powershell.exe,"powershell.exe",cmd.exe,,,SHA256=00197861d42829ae00197861d42829ae00197861d42829ae00197861d42829ae
2026-03-25 06:50:56.206,FIN-WS17,taylor.owens,1,node,"node",cmd.exe,,,SHA256=0002582f7c1d021a0002582f7c1d021a0002582f7c1d021a0002582f7c1d021a
2026-03-25 07:00:50.031,ENG-MAC-17,riley.kapoor,1,sshd,"sshd",systemd,,,SHA256=001f6e218f955b92001f6e218f955b92001f6e218f955b92001f6e218f955b92
2026-03-25 07:04:42.402,LINUX-JUMP-01,svc-build,1,chrome.exe,"chrome.exe",systemd,,,SHA256=000fcad8fb98ff45000fcad8fb98ff45000fcad8fb98ff45000fcad8fb98ff45
2026-03-25 07:12:16.872,FIN-WS22,riley.kapoor,1,outlook.exe,"outlook.exe",launchd,,,SHA256=0009ce4864a5c9190009ce4864a5c9190009ce4864a5c9190009ce4864a5c919
2026-03-25 07:16:17.794,FIN-WS17,morgan.sato,1,python3,"python3",launchd,,,SHA256=000ec634b4fb46f6000ec634b4fb46f6000ec634b4fb46f6000ec634b4fb46f6
2026-03-25 07:21:32.463,FIN-WS17,taylor.owens,1,powershell.exe,"powershell.exe",cmd.exe,,,SHA256=000732c337f9ba43000732c337f9ba43000732c337f9ba43000732c337f9ba43
2026-03-25 07:27:31.640,ENG-MAC-17,jamie.patel,1,outlook.exe,"outlook.exe",systemd,,,SHA256=0002d4bab2c612fe0002d4bab2c612fe0002d4bab2c612fe0002d4bab2c612fe
2026-03-25 07:37:37.912,ENG-MAC-04,riley.kapoor,1,chrome.exe,"chrome.exe",cmd.exe,,,SHA256=0011263ab7ba8a2d0011263ab7ba8a2d0011263ab7ba8a2d0011263ab7ba8a2d
2026-03-25 07:43:19.364,FIN-WS22,morgan.sato,1,git,"git",systemd,,,SHA256=001a993525574da6001a993525574da6001a993525574da6001a993525574da6
2026-03-25 07:46:24.626,ENG-MAC-04,riley.kapoor,1,node,"node",systemd,,,SHA256=001710820c77c958001710820c77c958001710820c77c958001710820c77c958
2026-03-25 07:55:11.467,FIN-WS17,alex.chen,1,git,"git",cmd.exe,,,SHA256=00184057b344929c00184057b344929c00184057b344929c00184057b344929c
2026-03-25 08:00:35.580,LINUX-JUMP-01,jamie.patel,1,git,"git",explorer.exe,,,SHA256=0007dd63fddb60380007dd63fddb60380007dd63fddb60380007dd63fddb6038
2026-03-25 08:10:43.545,FIN-WS17,svc-export,1,outlook.exe,"outlook.exe",explorer.exe,,,SHA256=0002546d2b2cde1c0002546d2b2cde1c0002546d2b2cde1c0002546d2b2cde1c
2026-03-25 08:20:52.431,LINUX-JUMP-01,riley.kapoor,1,node,"node",cmd.exe,,,SHA256=001068a1b1dc1e00001068a1b1dc1e00001068a1b1dc1e00001068a1b1dc1e00
2026-03-25 08:31:20.184,LINUX-JUMP-01,jamie.patel,1,powershell.exe,"powershell.exe",explorer.exe,,,SHA256=0009b53a67edf6620009b53a67edf6620009b53a67edf6620009b53a67edf662
2026-03-25 08:42:31.577,ENG-MAC-17,svc-export,1,sshd,"sshd",launchd,,,SHA256=000a563a6b7c5faa000a563a6b7c5faa000a563a6b7c5faa000a563a6b7c5faa
2026-03-25 08:53:23.636,ENG-MAC-04,alex.chen,1,git,"git",explorer.exe,,,SHA256=0019d4fdafaddb4e0019d4fdafaddb4e0019d4fdafaddb4e0019d4fdafaddb4e
2026-03-25 08:57:05.362,ENG-MAC-04,svc-build,1,python3,"python3",launchd,,,SHA256=0009f1b374e7bb4b0009f1b374e7bb4b0009f1b374e7bb4b0009f1b374e7bb4b
2026-03-25 09:06:26.293,BLD-RUN-02,jamie.patel,1,python3,"python3",cmd.exe,,,SHA256=001f58f8311cc858001f58f8311cc858001f58f8311cc858001f58f8311cc858
2026-03-25 09:10:27.761,FIN-WS22,svc-export,1,python3,"python3",cmd.exe,,,SHA256=001fce4fc396db97001fce4fc396db97001fce4fc396db97001fce4fc396db97
2026-03-25 09:18:04.112,ENG-MAC-04,taylor.owens,1,sshd,"sshd",launchd,,,SHA256=0005357751f594b50005357751f594b50005357751f594b50005357751f594b5
2026-03-25 09:21:57.021,LINUX-JUMP-01,riley.kapoor,1,git,"git",launchd,,,SHA256=000ec7e1cc63f7b1000ec7e1cc63f7b1000ec7e1cc63f7b1000ec7e1cc63f7b1
2026-03-25 09:24:36.264,ENG-MAC-17,svc-export,1,outlook.exe,"outlook.exe",launchd,,,SHA256=001b926d5abe7dc9001b926d5abe7dc9001b926d5abe7dc9001b926d5abe7dc9
2026-03-25 09:34:30.824,ENG-MAC-17,morgan.sato,1,powershell.exe,"powershell.exe",cmd.exe,,,SHA256=0006f38378ec93370006f38378ec93370006f38378ec93370006f38378ec9337
2026-03-25 09:37:34.403,FIN-WS17,riley.kapoor,1,python3,"python3",systemd,,,SHA256=0001a3675c69a7cd0001a3675c69a7cd0001a3675c69a7cd0001a3675c69a7cd
2026-03-25 09:44:42.698,ENG-MAC-17,svc-build,1,git,"git",launchd,,,SHA256=0006c38fe1b4728c0006c38fe1b4728c0006c38fe1b4728c0006c38fe1b4728c
2026-03-25 09:48:33.082,BLD-RUN-02,alex.chen,1,sshd,"sshd",explorer.exe,,,SHA256=0008a3311e0ee0c40008a3311e0ee0c40008a3311e0ee0c40008a3311e0ee0c4
2026-03-25 09:59:31.508,ENG-MAC-17,alex.chen,1,git,"git",explorer.exe,,,SHA256=0020e937744eef680020e937744eef680020e937744eef680020e937744eef68
2026-03-25 10:08:50.962,FIN-WS17,morgan.sato,1,slack.exe,"slack.exe",cmd.exe,,,SHA256=0009c1a61ce7719a0009c1a61ce7719a0009c1a61ce7719a0009c1a61ce7719a
2026-03-25 10:14:28.980,ENG-MAC-17,alex.chen,1,python3,"python3",explorer.exe,,,SHA256=000b9d3f8fa8199c000b9d3f8fa8199c000b9d3f8fa8199c000b9d3f8fa8199c
2026-03-25 10:21:00.586,ENG-MAC-04,alex.chen,1,outlook.exe,"outlook.exe",systemd,,,SHA256=00218c50f3e9099c00218c50f3e9099c00218c50f3e9099c00218c50f3e9099c
2026-03-25 10:31:13.357,FIN-WS22,morgan.sato,1,powershell.exe,"powershell.exe",systemd,,,SHA256=00028fda9611502800028fda9611502800028fda9611502800028fda96115028
2026-03-25 10:41:02.618,LINUX-JUMP-01,svc-build,1,python3,"python3",systemd,,,SHA256=0006b72eaa15101f0006b72eaa15101f0006b72eaa15101f0006b72eaa15101f
2026-03-25 10:43:50.385,FIN-WS22,riley.kapoor,1,outlook.exe,"outlook.exe",cmd.exe,,,SHA256=000ea72a59813e81000ea72a59813e81000ea72a59813e81000ea72a59813e81
2026-03-25 10:46:48.573,BLD-RUN-02,taylor.owens,1,powershell.exe,"powershell.exe",systemd,,,SHA256=001d4c38172fe86b001d4c38172fe86b001d4c38172fe86b001d4c38172fe86b
2026-03-25 10:58:05.981,BLD-RUN-02,svc-export,1,chrome.exe,"chrome.exe",explorer.exe,,,SHA256=00159db7f90d6a1d00159db7f90d6a1d00159db7f90d6a1d00159db7f90d6a1d
2026-03-25 11:00:54.189,FIN-WS17,taylor.owens,1,sshd,"sshd",launchd,,,SHA256=001539df078ef3e7001539df078ef3e7001539df078ef3e7001539df078ef3e7
2026-03-25 11:07:48.025,ENG-MAC-17,alex.chen,1,powershell.exe,"powershell.exe",systemd,,,SHA256=000edb1347fdbc42000edb1347fdbc42000edb1347fdbc42000edb1347fdbc42
2026-03-25 11:10:53.697,BLD-RUN-02,jamie.patel,1,chrome.exe,"chrome.exe",launchd,,,SHA256=0014e4ea335e5e8a0014e4ea335e5e8a0014e4ea335e5e8a0014e4ea335e5e8a
2026-03-25 11:14:17.875,LINUX-JUMP-01,alex.chen,1,outlook.exe,"outlook.exe",cmd.exe,,,SHA256=000ad06d524cb40f000ad06d524cb40f000ad06d524cb40f000ad06d524cb40f
2026-03-25 11:23:43.409,ENG-MAC-04,morgan.sato,1,slack.exe,"slack.exe",launchd,,,SHA256=00096b720a6c017f00096b720a6c017f00096b720a6c017f00096b720a6c017f
2026-03-25 11:26:25.311,FIN-WS22,riley.kapoor,1,powershell.exe,"powershell.exe",cmd.exe,,,SHA256=000a12a30dd92cca000a12a30dd92cca000a12a30dd92cca000a12a30dd92cca
2026-03-25 11:35:31.139,ENG-MAC-17,svc-export,1,powershell.exe,"powershell.exe",explorer.exe,,,SHA256=001a18ae1469e818001a18ae1469e818001a18ae1469e818001a18ae1469e818
2026-03-25 11:40:43.749,FIN-WS22,svc-build,1,slack.exe,"slack.exe",systemd,,,SHA256=0014e1c132c1e46b0014e1c132c1e46b0014e1c132c1e46b0014e1c132c1e46b
2026-03-25 11:51:06.103,ENG-MAC-17,svc-build,1,sshd,"sshd",cmd.exe,,,SHA256=0022e9f51aa642f80022e9f51aa642f80022e9f51aa642f80022e9f51aa642f8
2026-03-25 12:00:15.677,ENG-MAC-04,jamie.patel,1,git,"git",cmd.exe,,,SHA256=0013ff25c30c2e670013ff25c30c2e670013ff25c30c2e670013ff25c30c2e67
2026-03-25 12:08:52.069,FIN-WS22,svc-build,1,powershell.exe,"powershell.exe",explorer.exe,,,SHA256=0005a9932542d57a0005a9932542d57a0005a9932542d57a0005a9932542d57a
2026-03-25 12:14:41.406,ENG-MAC-17,svc-export,1,slack.exe,"slack.exe",cmd.exe,,,SHA256=0010ccb3e3af7ec00010ccb3e3af7ec00010ccb3e3af7ec00010ccb3e3af7ec0
2026-03-25 12:23:44.670,FIN-WS22,taylor.owens,1,powershell.exe,"powershell.exe",explorer.exe,,,SHA256=000701d6a6932966000701d6a6932966000701d6a6932966000701d6a6932966
2026-03-25 12:30:57.346,BLD-RUN-02,morgan.sato,1,powershell.exe,"powershell.exe",launchd,,,SHA256=0004c4e077c4b94c0004c4e077c4b94c0004c4e077c4b94c0004c4e077c4b94c
2026-03-25 12:35:21.881,ENG-MAC-17,alex.chen,1,chrome.exe,"chrome.exe",launchd,,,SHA256=000b379b7bf614d7000b379b7bf614d7000b379b7bf614d7000b379b7bf614d7
2026-03-25 12:45:13.139,FIN-WS22,alex.chen,1,sshd,"sshd",systemd,,,SHA256=00139077c794714400139077c794714400139077c794714400139077c7947144
2026-03-25 12:50:34.831,BLD-RUN-02,taylor.owens,1,outlook.exe,"outlook.exe",launchd,,,SHA256=00074b03f1485e6500074b03f1485e6500074b03f1485e6500074b03f1485e65
2026-03-25 12:58:10.116,ENG-MAC-17,svc-export,1,git,"git",systemd,,,SHA256=00227f76fca1850e00227f76fca1850e00227f76fca1850e00227f76fca1850e
2026-03-25 13:06:54.207,ENG-MAC-17,alex.chen,1,powershell.exe,"powershell.exe",explorer.exe,,,SHA256=00215c4856e28b9a00215c4856e28b9a00215c4856e28b9a00215c4856e28b9a
2026-03-25 13:13:26.661,ENG-MAC-04,taylor.owens,1,chrome.exe,"chrome.exe",explorer.exe,,,SHA256=00017b37d3cdc24d00017b37d3cdc24d00017b37d3cdc24d00017b37d3cdc24d
2026-03-25 13:19:25.659,FIN-WS22,taylor.owens,1,slack.exe,"slack.exe",cmd.exe,,,SHA256=00204bd5d40c259200204bd5d40c259200204bd5d40c259200204bd5d40c2592
2026-03-25 13:26:09.186,ENG-MAC-17,morgan.sato,1,slack.exe,"slack.exe",launchd,,,SHA256=0022ab6394dd7e280022ab6394dd7e280022ab6394dd7e280022ab6394dd7e28
2026-03-25 13:37:15.721,FIN-WS17,jamie.patel,1,chrome.exe,"chrome.exe",cmd.exe,,,SHA256=000bddd8b7cefff1000bddd8b7cefff1000bddd8b7cefff1000bddd8b7cefff1
2026-03-25 13:44:10.573,LINUX-JUMP-01,alex.chen,1,sshd,"sshd",systemd,,,SHA256=00205dee3f7b4dda00205dee3f7b4dda00205dee3f7b4dda00205dee3f7b4dda
2026-03-25 13:52:27.903,LINUX-JUMP-01,svc-build,1,slack.exe,"slack.exe",cmd.exe,,,SHA256=0004c886ece94e0c0004c886ece94e0c0004c886ece94e0c0004c886ece94e0c
2026-03-25 14:03:11.013,ENG-MAC-04,alex.chen,1,git,"git",explorer.exe,,,SHA256=001f291fec054b7a001f291fec054b7a001f291fec054b7a001f291fec054b7a
2026-03-25 14:12:56.723,ENG-MAC-04,taylor.owens,1,git,"git",launchd,,,SHA256=0007fa3a1ce092520007fa3a1ce092520007fa3a1ce092520007fa3a1ce09252
2026-03-25 14:17:59.361,FIN-WS22,taylor.owens,1,python3,"python3",launchd,,,SHA256=0001a54d1c54930a0001a54d1c54930a0001a54d1c54930a0001a54d1c54930a
2026-03-25 14:20:45.580,FIN-WS22,taylor.owens,1,git,"git",systemd,,,SHA256=00123840caa5b3fb00123840caa5b3fb00123840caa5b3fb00123840caa5b3fb
2026-03-25 14:31:06.193,FIN-WS22,morgan.sato,1,python3,"python3",explorer.exe,,,SHA256=0006ac52655de3c40006ac52655de3c40006ac52655de3c40006ac52655de3c4
2026-03-25 14:38:42.494,LINUX-JUMP-01,svc-export,1,powershell.exe,"powershell.exe",systemd,,,SHA256=0005e176cb22c6f30005e176cb22c6f30005e176cb22c6f30005e176cb22c6f3
2026-03-25 14:46:02.916,FIN-WS22,alex.chen,1,slack.exe,"slack.exe",cmd.exe,,,SHA256=0011af1461cc91a20011af1461cc91a20011af1461cc91a20011af1461cc91a2
2026-03-25 14:49:05.852,LINUX-JUMP-01,morgan.sato,1,node,"node",launchd,,,SHA256=0020c6ea7b8552080020c6ea7b8552080020c6ea7b8552080020c6ea7b855208
2026-03-25 14:55:14.381,ENG-MAC-17,riley.kapoor,1,outlook.exe,"outlook.exe",cmd.exe,,,SHA256=0008140ba08e332d0008140ba08e332d0008140ba08e332d0008140ba08e332d
2026-03-25 15:04:00.446,FIN-WS17,svc-build,1,slack.exe,"slack.exe",cmd.exe,,,SHA256=0012639ff5f41f500012639ff5f41f500012639ff5f41f500012639ff5f41f50
2026-03-25 15:07:55.597,FIN-WS22,svc-build,1,chrome.exe,"chrome.exe",explorer.exe,,,SHA256=001bbf01849bb78a001bbf01849bb78a001bbf01849bb78a001bbf01849bb78a
2026-03-25 15:12:22.189,FIN-WS17,morgan.sato,1,git,"git",systemd,,,SHA256=0011a63cb7f5e2de0011a63cb7f5e2de0011a63cb7f5e2de0011a63cb7f5e2de
2026-03-25 15:14:56.241,FIN-WS17,morgan.sato,1,python3,"python3",launchd,,,SHA256=00074ad216fdd0c000074ad216fdd0c000074ad216fdd0c000074ad216fdd0c0
2026-03-25 15:21:38.044,ENG-MAC-17,taylor.owens,1,chrome.exe,"chrome.exe",explorer.exe,,,SHA256=0022f7e4168a43a60022f7e4168a43a60022f7e4168a43a60022f7e4168a43a6
2026-03-25 15:29:39.818,ENG-MAC-04,alex.chen,1,sshd,"sshd",cmd.exe,,,SHA256=00089b553155de4d00089b553155de4d00089b553155de4d00089b553155de4d
2026-03-25 15:35:45.805,LINUX-JUMP-01,riley.kapoor,1,node,"node",launchd,,,SHA256=0006c5e71cd412b00006c5e71cd412b00006c5e71cd412b00006c5e71cd412b0
2026-03-25 15:42:57.419,FIN-WS17,svc-build,1,powershell.exe,"powershell.exe",systemd,,,SHA256=000d0fbdee76c3eb000d0fbdee76c3eb000d0fbdee76c3eb000d0fbdee76c3eb
2026-03-25 15:51:46.510,FIN-WS22,svc-export,1,git,"git",launchd,,,SHA256=001946801213bc7d001946801213bc7d001946801213bc7d001946801213bc7d
2026-03-25 16:02:19.166,LINUX-JUMP-01,morgan.sato,1,python3,"python3",cmd.exe,,,SHA256=001145fe6ef8589f001145fe6ef8589f001145fe6ef8589f001145fe6ef8589f
2026-03-25 16:09:00.381,ENG-MAC-04,svc-export,1,node,"node",cmd.exe,,,SHA256=00206bd4058940b400206bd4058940b400206bd4058940b400206bd4058940b4
2026-03-25 16:16:59.560,ENG-MAC-04,jamie.patel,1,powershell.exe,"powershell.exe",cmd.exe,,,SHA256=00075547c3fe5a0100075547c3fe5a0100075547c3fe5a0100075547c3fe5a01
2026-03-25 16:24:45.315,FIN-WS22,jamie.patel,1,chrome.exe,"chrome.exe",explorer.exe,,,SHA256=0021bc7d9e383c180021bc7d9e383c180021bc7d9e383c180021bc7d9e383c18
2026-03-25 16:27:16.058,LINUX-JUMP-01,alex.chen,1,git,"git",systemd,,,SHA256=001ec48649ee0fd0001ec48649ee0fd0001ec48649ee0fd0001ec48649ee0fd0
2026-03-25 16:36:55.073,BLD-RUN-02,taylor.owens,1,node,"node",cmd.exe,,,SHA256=0007ba6fe583d0a40007ba6fe583d0a40007ba6fe583d0a40007ba6fe583d0a4
2026-03-25 16:46:33.349,FIN-WS17,alex.chen,1,git,"git",launchd,,,SHA256=0019f4505cae0bb80019f4505cae0bb80019f4505cae0bb80019f4505cae0bb8
2026-03-25 16:53:42.445,BLD-RUN-02,morgan.sato,1,chrome.exe,"chrome.exe",explorer.exe,,,SHA256=0009e3c6866d78040009e3c6866d78040009e3c6866d78040009e3c6866d7804
2026-03-25 16:56:28.916,BLD-RUN-02,svc-export,1,node,"node",cmd.exe,,,SHA256=00014a194495b15b00014a194495b15b00014a194495b15b00014a194495b15b
2026-03-25 17:07:30.788,LINUX-JUMP-01,svc-build,1,slack.exe,"slack.exe",explorer.exe,,,SHA256=0013ff43cdd70c3c0013ff43cdd70c3c0013ff43cdd70c3c0013ff43cdd70c3c
2026-03-25 17:10:28.582,ENG-MAC-04,jamie.patel,1,node,"node",explorer.exe,,,SHA256=001c6de8df0272a9001c6de8df0272a9001c6de8df0272a9001c6de8df0272a9
2026-03-25 17:13:25.451,FIN-WS22,svc-build,1,sshd,"sshd",explorer.exe,,,SHA256=000dfc98adb29291000dfc98adb29291000dfc98adb29291000dfc98adb29291
2026-03-25 17:23:03.889,FIN-WS17,jamie.patel,1,sshd,"sshd",cmd.exe,,,SHA256=00142ed73e06ec5d00142ed73e06ec5d00142ed73e06ec5d00142ed73e06ec5d
2026-03-25 17:28:54.754,BLD-RUN-02,taylor.owens,1,slack.exe,"slack.exe",cmd.exe,,,SHA256=0004806c762594bc0004806c762594bc0004806c762594bc0004806c762594bc
2026-03-25 17:40:16.270,ENG-MAC-04,taylor.owens,1,git,"git",explorer.exe,,,SHA256=0012962b416d4ed40012962b416d4ed40012962b416d4ed40012962b416d4ed4
2026-03-25 17:50:38.278,LINUX-JUMP-01,svc-build,1,git,"git",cmd.exe,,,SHA256=00103f85321c145200103f85321c145200103f85321c145200103f85321c1452
2026-03-25 17:53:16.091,LINUX-JUMP-01,riley.kapoor,1,sshd,"sshd",explorer.exe,,,SHA256=00164542d306bf1500164542d306bf1500164542d306bf1500164542d306bf15
2026-03-25 17:57:18.369,BLD-RUN-02,svc-build,1,sshd,"sshd",systemd,,,SHA256=0006b520a078646c0006b520a078646c0006b520a078646c0006b520a078646c
2026-03-25 18:04:37.781,BLD-RUN-02,svc-export,1,node,"node",cmd.exe,,,SHA256=00195bb820df9c1b00195bb820df9c1b00195bb820df9c1b00195bb820df9c1b
2026-03-25 18:14:58.884,LINUX-JUMP-01,morgan.sato,1,node,"node",cmd.exe,,,SHA256=000052eb6d44759d000052eb6d44759d000052eb6d44759d000052eb6d44759d
2026-03-25 18:18:15.384,FIN-WS22,jamie.patel,1,outlook.exe,"outlook.exe",systemd,,,SHA256=001950547246d467001950547246d467001950547246d467001950547246d467
2026-03-25 18:29:13.323,FIN-WS17,jamie.patel,1,git,"git",systemd,,,SHA256=00029fd02f25601400029fd02f25601400029fd02f25601400029fd02f256014
2026-03-25 18:34:15.997,BLD-RUN-02,morgan.sato,1,chrome.exe,"chrome.exe",explorer.exe,,,SHA256=000eb9bedecdb7c5000eb9bedecdb7c5000eb9bedecdb7c5000eb9bedecdb7c5
2026-03-25 18:38:52.623,BLD-RUN-02,jamie.patel,1,chrome.exe,"chrome.exe",launchd,,,SHA256=000fae777417380f000fae777417380f000fae777417380f000fae777417380f
2026-03-25 18:44:51.676,LINUX-JUMP-01,riley.kapoor,1,outlook.exe,"outlook.exe",launchd,,,SHA256=00106c843a16f15c00106c843a16f15c00106c843a16f15c00106c843a16f15c
2026-03-25 18:53:21.008,FIN-WS22,morgan.sato,1,powershell.exe,"powershell.exe",cmd.exe,,,SHA256=00175bbf179a788300175bbf179a788300175bbf179a788300175bbf179a7883
2026-03-25 18:58:23.519,ENG-MAC-04,alex.chen,1,node,"node",cmd.exe,,,SHA256=00110c2384b595fb00110c2384b595fb00110c2384b595fb00110c2384b595fb
2026-03-25 19:06:36.428,ENG-MAC-04,morgan.sato,1,powershell.exe,"powershell.exe",cmd.exe,,,SHA256=000149e7e7319007000149e7e7319007000149e7e7319007000149e7e7319007
2026-03-25 19:10:34.771,LINUX-JUMP-01,alex.chen,1,git,"git",launchd,,,SHA256=001253ff2bd772a1001253ff2bd772a1001253ff2bd772a1001253ff2bd772a1
2026-03-25 19:19:10.216,ENG-MAC-17,svc-build,1,powershell.exe,"powershell.exe",explorer.exe,,,SHA256=000f6ef535fd5c08000f6ef535fd5c08000f6ef535fd5c08000f6ef535fd5c08
2026-03-25 19:26:02.897,ENG-MAC-17,svc-build,1,powershell.exe,"powershell.exe",launchd,,,SHA256=0007eb72c05a074c0007eb72c05a074c0007eb72c05a074c0007eb72c05a074c
2026-03-25 19:32:48.766,BLD-RUN-02,alex.chen,1,outlook.exe,"outlook.exe",cmd.exe,,,SHA256=00141426ef6a9e2900141426ef6a9e2900141426ef6a9e2900141426ef6a9e29
2026-03-25 19:44:03.731,ENG-MAC-04,svc-build,1,git,"git",systemd,,,SHA256=000fbf81c763da05000fbf81c763da05000fbf81c763da05000fbf81c763da05
2026-03-25 19:52:38.101,FIN-WS17,riley.kapoor,1,python3,"python3",systemd,,,SHA256=00054fa9fdafb7f900054fa9fdafb7f900054fa9fdafb7f900054fa9fdafb7f9
2026-03-25 20:01:33.887,FIN-WS17,riley.kapoor,1,git,"git",systemd,,,SHA256=00046af3a5800e2a00046af3a5800e2a00046af3a5800e2a00046af3a5800e2a
2026-03-25 20:05:40.374,ENG-MAC-17,taylor.owens,1,slack.exe,"slack.exe",explorer.exe,,,SHA256=001005097caa38db001005097caa38db001005097caa38db001005097caa38db
2026-03-25 20:14:20.785,FIN-WS17,alex.chen,1,python3,"python3",explorer.exe,,,SHA256=001a1b6b8c7d6bfe001a1b6b8c7d6bfe001a1b6b8c7d6bfe001a1b6b8c7d6bfe
2026-03-25 20:24:09.439,ENG-MAC-04,jamie.patel,1,node,"node",cmd.exe,,,SHA256=002334f77a690a32002334f77a690a32002334f77a690a32002334f77a690a32
2026-03-25 20:28:22.746,ENG-MAC-04,taylor.owens,1,node,"node",launchd,,,SHA256=0015735ed7a4446d0015735ed7a4446d0015735ed7a4446d0015735ed7a4446d
2026-03-25 20:36:00.776,FIN-WS17,riley.kapoor,1,powershell.exe,"powershell.exe",cmd.exe,,,SHA256=00117e5420a845ca00117e5420a845ca00117e5420a845ca00117e5420a845ca
2026-03-25 20:39:04.751,BLD-RUN-02,riley.kapoor,1,powershell.exe,"powershell.exe",launchd,,,SHA256=001e5977e42ddd23001e5977e42ddd23001e5977e42ddd23001e5977e42ddd23
2026-03-25 20:49:09.157,FIN-WS22,riley.kapoor,1,git,"git",cmd.exe,,,SHA256=000c4e9e60ea028c000c4e9e60ea028c000c4e9e60ea028c000c4e9e60ea028c
2026-03-25 20:57:28.553,ENG-MAC-17,taylor.owens,1,outlook.exe,"outlook.exe",explorer.exe,,,SHA256=001e5604daac50ce001e5604daac50ce001e5604daac50ce001e5604daac50ce
2026-03-25 21:02:35.585,FIN-WS22,jamie.patel,1,chrome.exe,"chrome.exe",systemd,,,SHA256=0005632feafea3630005632feafea3630005632feafea3630005632feafea363
2026-03-25 21:12:59.009,ENG-MAC-17,taylor.owens,1,outlook.exe,"outlook.exe",explorer.exe,,,SHA256=000c8fbd80690fb0000c8fbd80690fb0000c8fbd80690fb0000c8fbd80690fb0
2026-03-25 21:18:23.152,ENG-MAC-17,svc-export,1,node,"node",cmd.exe,,,SHA256=00044c0fbb98746b00044c0fbb98746b00044c0fbb98746b00044c0fbb98746b
2026-03-25 21:29:41.565,ENG-MAC-17,riley.kapoor,1,powershell.exe,"powershell.exe",cmd.exe,,,SHA256=001a2d3ad9d76c6b001a2d3ad9d76c6b001a2d3ad9d76c6b001a2d3ad9d76c6b
2026-03-25 21:34:49.585,ENG-MAC-04,taylor.owens,1,outlook.exe,"outlook.exe",cmd.exe,,,SHA256=000e5536429da25b000e5536429da25b000e5536429da25b000e5536429da25b
2026-03-25 21:42:48.994,ENG-MAC-17,jamie.patel,1,git,"git",systemd,,,SHA256=0001d01ce2aae1070001d01ce2aae1070001d01ce2aae1070001d01ce2aae107
2026-03-25 21:53:22.387,FIN-WS17,svc-export,1,sshd,"sshd",launchd,,,SHA256=0015f72a69a8d8340015f72a69a8d8340015f72a69a8d8340015f72a69a8d834
2026-03-25 22:00:08.602,LINUX-JUMP-01,svc-build,1,slack.exe,"slack.exe",cmd.exe,,,SHA256=001a6751b628f847001a6751b628f847001a6751b628f847001a6751b628f847
2026-03-25 22:06:10.590,ENG-MAC-04,riley.kapoor,1,outlook.exe,"outlook.exe",systemd,,,SHA256=00053cc40fd60f2a00053cc40fd60f2a00053cc40fd60f2a00053cc40fd60f2a
2026-03-25 22:15:04.220,ENG-MAC-04,morgan.sato,1,powershell.exe,"powershell.exe",explorer.exe,,,SHA256=0009a346ba4e072c0009a346ba4e072c0009a346ba4e072c0009a346ba4e072c
2026-03-25 22:23:05.267,FIN-WS22,taylor.owens,1,slack.exe,"slack.exe",systemd,,,SHA256=0022f48f9baa5cd00022f48f9baa5cd00022f48f9baa5cd00022f48f9baa5cd0
2026-03-25 22:31:00.464,LINUX-JUMP-01,riley.kapoor,1,python3,"python3",cmd.exe,,,SHA256=00007c175c4d22c800007c175c4d22c800007c175c4d22c800007c175c4d22c8
2026-03-25 22:41:29.088,BLD-RUN-02,riley.kapoor,1,slack.exe,"slack.exe",systemd,,,SHA256=00067dd65386cb8a00067dd65386cb8a00067dd65386cb8a00067dd65386cb8a
2026-03-25 22:47:39.837,FIN-WS17,riley.kapoor,1,chrome.exe,"chrome.exe",explorer.exe,,,SHA256=00054323d99ffe4700054323d99ffe4700054323d99ffe4700054323d99ffe47
2026-03-25 22:53:13.300,BLD-RUN-02,svc-build,1,powershell.exe,"powershell.exe",cmd.exe,,,SHA256=00077fdfaeef892e00077fdfaeef892e00077fdfaeef892e00077fdfaeef892e
2026-03-25 22:58:56.381,BLD-RUN-02,alex.chen,1,chrome.exe,"chrome.exe",cmd.exe,,,SHA256=000f0475dfff9d39000f0475dfff9d39000f0475dfff9d39000f0475dfff9d39
2026-03-25 23:03:28.671,BLD-RUN-02,jamie.patel,1,chrome.exe,"chrome.exe",explorer.exe,,,SHA256=001a782e0edff7fb001a782e0edff7fb001a782e0edff7fb001a782e0edff7fb
2026-03-25 23:06:52.726,BLD-RUN-02,alex.chen,1,python3,"python3",systemd,,,SHA256=0023297610f506240023297610f506240023297610f506240023297610f50624
2026-03-25 23:11:15.038,BLD-RUN-02,svc-export,1,slack.exe,"slack.exe",launchd,,,SHA256=001931c447556dbe001931c447556dbe001931c447556dbe001931c447556dbe
2026-03-25 23:15:20.489,ENG-MAC-17,alex.chen,1,chrome.exe,"chrome.exe",systemd,,,SHA256=0019c50960e461490019c50960e461490019c50960e461490019c50960e46149
2026-03-25 23:24:42.235,ENG-MAC-04,taylor.owens,1,node,"node",systemd,,,SHA256=00158a4ef9c3ad4000158a4ef9c3ad4000158a4ef9c3ad4000158a4ef9c3ad40
2026-03-25 23:29:47.112,FIN-WS22,svc-build,1,python3,"python3",cmd.exe,,,SHA256=0019186242ef2fb40019186242ef2fb40019186242ef2fb40019186242ef2fb4
2026-03-25 23:33:33.297,BLD-RUN-02,riley.kapoor,1,git,"git",cmd.exe,,,SHA256=000f6e858adb65f4000f6e858adb65f4000f6e858adb65f4000f6e858adb65f4
2026-03-25 23:39:45.345,ENG-MAC-04,taylor.owens,1,node,"node",explorer.exe,,,SHA256=001b369d73e68688001b369d73e68688001b369d73e68688001b369d73e68688
2026-03-25 23:47:08.969,FIN-WS17,jamie.patel,1,slack.exe,"slack.exe",launchd,,,SHA256=001a2c30570745e1001a2c30570745e1001a2c30570745e1001a2c30570745e1
2026-03-25 23:50:24.720,ENG-MAC-04,alex.chen,1,sshd,"sshd",launchd,,,SHA256=000aaec6dccd7a8b000aaec6dccd7a8b000aaec6dccd7a8b000aaec6dccd7a8b
2026-03-25 23:56:50.661,FIN-WS17,svc-export,1,slack.exe,"slack.exe",explorer.exe,,,SHA256=0014b8bc486669cc0014b8bc486669cc0014b8bc486669cc0014b8bc486669cc
2026-03-26 00:02:37.465,ENG-MAC-04,riley.kapoor,1,slack.exe,"slack.exe",cmd.exe,,,SHA256=001aa45d84ce27ef001aa45d84ce27ef001aa45d84ce27ef001aa45d84ce27ef
2026-03-26 00:06:47.126,FIN-WS17,svc-export,1,powershell.exe,"powershell.exe",launchd,,,SHA256=0012ce42a98937a90012ce42a98937a90012ce42a98937a90012ce42a98937a9
2026-03-26 00:11:54.454,FIN-WS22,morgan.sato,1,powershell.exe,"powershell.exe",explorer.exe,,,SHA256=000eef89182d0261000eef89182d0261000eef89182d0261000eef89182d0261
2026-03-26 00:18:08.264,ENG-MAC-04,alex.chen,1,chrome.exe,"chrome.exe",launchd,,,SHA256=001e259cd093ef42001e259cd093ef42001e259cd093ef42001e259cd093ef42
2026-03-26 00:28:39.898,LINUX-JUMP-01,svc-export,1,git,"git",cmd.exe,,,SHA256=001482745ed25956001482745ed25956001482745ed25956001482745ed25956
2026-03-26 00:38:17.567,FIN-WS17,alex.chen,1,powershell.exe,"powershell.exe",explorer.exe,,,SHA256=0014de0c66a97d270014de0c66a97d270014de0c66a97d270014de0c66a97d27
2026-03-26 00:40:56.614,FIN-WS17,svc-build,1,sshd,"sshd",launchd,,,SHA256=00229628b3093c9400229628b3093c9400229628b3093c9400229628b3093c94
2026-03-26 00:44:32.859,ENG-MAC-04,alex.chen,1,sshd,"sshd",launchd,,,SHA256=00086fe65c2e5bd800086fe65c2e5bd800086fe65c2e5bd800086fe65c2e5bd8
2026-03-26 00:52:06.834,ENG-MAC-17,taylor.owens,1,git,"git",launchd,,,SHA256=0008840d4be82cfd0008840d4be82cfd0008840d4be82cfd0008840d4be82cfd
2026-03-26 01:03:13.100,ENG-MAC-17,riley.kapoor,1,slack.exe,"slack.exe",systemd,,,SHA256=00029d0069188f2f00029d0069188f2f00029d0069188f2f00029d0069188f2f
2026-03-26 01:13:36.640,FIN-WS22,alex.chen,1,python3,"python3",systemd,,,SHA256=001ca3c2ceb845a2001ca3c2ceb845a2001ca3c2ceb845a2001ca3c2ceb845a2
2026-03-26 01:17:07.162,FIN-WS17,morgan.sato,1,node,"node",cmd.exe,,,SHA256=0010149fb10006120010149fb10006120010149fb10006120010149fb1000612
2026-03-26 01:23:05.235,ENG-MAC-04,jamie.patel,1,chrome.exe,"chrome.exe",explorer.exe,,,SHA256=0009e9c45b0dc9070009e9c45b0dc9070009e9c45b0dc9070009e9c45b0dc907
2026-03-26 01:32:48.586,BLD-RUN-02,taylor.owens,1,slack.exe,"slack.exe",systemd,,,SHA256=00161ceb6108ee5900161ceb6108ee5900161ceb6108ee5900161ceb6108ee59
2026-03-26 01:42:03.388,BLD-RUN-02,svc-build,1,sshd,"sshd",systemd,,,SHA256=000fb95b45263eb1000fb95b45263eb1000fb95b45263eb1000fb95b45263eb1
2026-03-26 01:46:58.483,FIN-WS17,riley.kapoor,1,sshd,"sshd",explorer.exe,,,SHA256=001dad3637b9c6fb001dad3637b9c6fb001dad3637b9c6fb001dad3637b9c6fb
2026-03-26 01:50:18.507,ENG-MAC-17,alex.chen,1,slack.exe,"slack.exe",cmd.exe,,,SHA256=000afaa0ee0f8cf8000afaa0ee0f8cf8000afaa0ee0f8cf8000afaa0ee0f8cf8
2026-03-26 01:53:46.837,BLD-RUN-02,alex.chen,1,git,"git",launchd,,,SHA256=001cf2d145b33c7f001cf2d145b33c7f001cf2d145b33c7f001cf2d145b33c7f
2026-03-26 01:57:06.939,ENG-MAC-17,jamie.patel,1,powershell.exe,"powershell.exe",launchd,,,SHA256=001f8ecb6608bb0a001f8ecb6608bb0a001f8ecb6608bb0a001f8ecb6608bb0a
2026-03-26 02:06:00.630,FIN-WS22,jamie.patel,1,outlook.exe,"outlook.exe",launchd,,,SHA256=001ef6267efd1ba0001ef6267efd1ba0001ef6267efd1ba0001ef6267efd1ba0
2026-03-26 02:17:27.193,LINUX-JUMP-01,svc-build,1,powershell.exe,"powershell.exe",explorer.exe,,,SHA256=00154a56bd8c473c00154a56bd8c473c00154a56bd8c473c00154a56bd8c473c
2026-03-26 02:24:15.286,FIN-WS22,alex.chen,1,slack.exe,"slack.exe",cmd.exe,,,SHA256=0007a439137fe6400007a439137fe6400007a439137fe6400007a439137fe640
2026-03-26 02:34:10.935,ENG-MAC-04,morgan.sato,1,slack.exe,"slack.exe",systemd,,,SHA256=0011943afb8c3d980011943afb8c3d980011943afb8c3d980011943afb8c3d98
2026-03-26 02:43:24.104,FIN-WS17,riley.kapoor,1,slack.exe,"slack.exe",systemd,,,SHA256=00093cb5cdffd69100093cb5cdffd69100093cb5cdffd69100093cb5cdffd691
2026-03-26 02:49:21.704,FIN-WS22,taylor.owens,1,outlook.exe,"outlook.exe",cmd.exe,,,SHA256=0019a31eb4b27aa20019a31eb4b27aa20019a31eb4b27aa20019a31eb4b27aa2
2026-03-26 02:57:08.445,LINUX-JUMP-01,svc-build,1,sshd,"sshd",cmd.exe,,,SHA256=00227b8999ca5c8200227b8999ca5c8200227b8999ca5c8200227b8999ca5c82
2026-03-26 03:06:34.450,LINUX-JUMP-01,taylor.owens,1,powershell.exe,"powershell.exe",cmd.exe,,,SHA256=001f8a8e63c6c66b001f8a8e63c6c66b001f8a8e63c6c66b001f8a8e63c6c66b
2026-03-26 03:17:09.568,BLD-RUN-02,alex.chen,1,sshd,"sshd",explorer.exe,,,SHA256=00134f8685cd616600134f8685cd616600134f8685cd616600134f8685cd6166
2026-03-26 03:24:22.084,LINUX-JUMP-01,jamie.patel,1,chrome.exe,"chrome.exe",explorer.exe,,,SHA256=000935e3d37bb3da000935e3d37bb3da000935e3d37bb3da000935e3d37bb3da
2026-03-26 03:31:11.146,ENG-MAC-17,alex.chen,1,chrome.exe,"chrome.exe",systemd,,,SHA256=002299c8b9b7dde8002299c8b9b7dde8002299c8b9b7dde8002299c8b9b7dde8
2026-03-26 03:39:38.396,ENG-MAC-04,svc-build,1,git,"git",cmd.exe,,,SHA256=002200e6941a7038002200e6941a7038002200e6941a7038002200e6941a7038
2026-03-26 03:50:59.602,FIN-WS22,svc-export,1,outlook.exe,"outlook.exe",launchd,,,SHA256=000aba73d31d8e35000aba73d31d8e35000aba73d31d8e35000aba73d31d8e35
2026-03-26 03:54:59.794,ENG-MAC-17,svc-build,1,sshd,"sshd",launchd,,,SHA256=001489d1a7a4eefd001489d1a7a4eefd001489d1a7a4eefd001489d1a7a4eefd
2026-03-26 04:05:57.553,FIN-WS17,jamie.patel,1,outlook.exe,"outlook.exe",explorer.exe,,,SHA256=0014de92b0b7d0630014de92b0b7d0630014de92b0b7d0630014de92b0b7d063
2026-03-26 04:14:51.448,ENG-MAC-17,jamie.patel,1,sshd,"sshd",launchd,,,SHA256=00205008a11e1dd800205008a11e1dd800205008a11e1dd800205008a11e1dd8
2026-03-26 04:19:43.737,ENG-MAC-17,morgan.sato,1,sshd,"sshd",systemd,,,SHA256=002043ce1c91f91e002043ce1c91f91e002043ce1c91f91e002043ce1c91f91e
2026-03-26 04:28:16.547,LINUX-JUMP-01,alex.chen,1,sshd,"sshd",systemd,,,SHA256=00177aa34e1d0d0300177aa34e1d0d0300177aa34e1d0d0300177aa34e1d0d03
2026-03-26 04:39:00.970,FIN-WS22,svc-export,1,powershell.exe,"powershell.exe",cmd.exe,,,SHA256=00210d73d417aa9e00210d73d417aa9e00210d73d417aa9e00210d73d417aa9e
2026-03-26 04:48:10.516,ENG-MAC-04,alex.chen,1,git,"git",launchd,,,SHA256=000da485cefc37c7000da485cefc37c7000da485cefc37c7000da485cefc37c7
2026-03-26 04:56:31.768,ENG-MAC-17,riley.kapoor,1,outlook.exe,"outlook.exe",explorer.exe,,,SHA256=001e122292c3f9c3001e122292c3f9c3001e122292c3f9c3001e122292c3f9c3
2026-03-26 05:04:55.148,ENG-MAC-17,morgan.sato,1,slack.exe,"slack.exe",explorer.exe,,,SHA256=00002002a9b6594c00002002a9b6594c00002002a9b6594c00002002a9b6594c
2026-03-26 05:07:29.413,FIN-WS22,jamie.patel,1,git,"git",explorer.exe,,,SHA256=0019e145cbf16d8e0019e145cbf16d8e0019e145cbf16d8e0019e145cbf16d8e
2026-03-26 05:17:50.731,LINUX-JUMP-01,taylor.owens,1,python3,"python3",cmd.exe,,,SHA256=00165d1c87d179a600165d1c87d179a600165d1c87d179a600165d1c87d179a6
2026-03-26 05:29:10.354,FIN-WS17,jamie.patel,1,chrome.exe,"chrome.exe",systemd,,,SHA256=001513637cb924c7001513637cb924c7001513637cb924c7001513637cb924c7
2026-03-26 05:33:37.392,LINUX-JUMP-01,svc-export,1,python3,"python3",systemd,,,SHA256=0014666451131f1b0014666451131f1b0014666451131f1b0014666451131f1b
2026-03-26 05:36:21.979,BLD-RUN-02,alex.chen,1,node,"node",explorer.exe,,,SHA256=0019cc163b3dadea0019cc163b3dadea0019cc163b3dadea0019cc163b3dadea
2026-03-26 05:45:59.981,ENG-MAC-04,jamie.patel,1,python3,"python3",launchd,,,SHA256=001a77d9da81cfb7001a77d9da81cfb7001a77d9da81cfb7001a77d9da81cfb7
2026-03-26 05:51:37.893,BLD-RUN-02,alex.chen,1,git,"git",cmd.exe,,,SHA256=00022865652c5d5300022865652c5d5300022865652c5d5300022865652c5d53
2026-03-26 06:00:43.974,LINUX-JUMP-01,jamie.patel,1,chrome.exe,"chrome.exe",launchd,,,SHA256=001da8bf25864f14001da8bf25864f14001da8bf25864f14001da8bf25864f14
2026-03-26 06:08:40.986,ENG-MAC-04,morgan.sato,1,git,"git",explorer.exe,,,SHA256=00177b6248ba2dad00177b6248ba2dad00177b6248ba2dad00177b6248ba2dad
2026-03-26 06:16:12.960,FIN-WS17,alex.chen,1,powershell.exe,"powershell.exe",explorer.exe,,,SHA256=0022e84b2ed044660022e84b2ed044660022e84b2ed044660022e84b2ed04466
2026-03-26 06:23:12.683,BLD-RUN-02,taylor.owens,1,powershell.exe,"powershell.exe",launchd,,,SHA256=0015680e65b776980015680e65b776980015680e65b776980015680e65b77698
2026-03-26 06:27:31.440,FIN-WS17,alex.chen,1,git,"git",explorer.exe,,,SHA256=001d4f1dde3b34c4001d4f1dde3b34c4001d4f1dde3b34c4001d4f1dde3b34c4
2026-03-26 06:37:54.900,FIN-WS22,svc-build,1,outlook.exe,"outlook.exe",launchd,,,SHA256=001c740445b10598001c740445b10598001c740445b10598001c740445b10598
2026-03-26 06:49:19.762,ENG-MAC-04,svc-build,1,sshd,"sshd",launchd,,,SHA256=0003fc7081ecfdbb0003fc7081ecfdbb0003fc7081ecfdbb0003fc7081ecfdbb
2026-03-26 06:54:29.360,BLD-RUN-02,svc-export,1,outlook.exe,"outlook.exe",explorer.exe,,,SHA256=0014adccc29265440014adccc29265440014adccc29265440014adccc2926544
2026-03-26 06:58:21.164,ENG-MAC-04,alex.chen,1,sshd,"sshd",explorer.exe,,,SHA256=000af4feac123c17000af4feac123c17000af4feac123c17000af4feac123c17
2026-03-26 07:02:47.037,ENG-MAC-17,svc-build,1,python3,"python3",cmd.exe,,,SHA256=00018e3ff4985eac00018e3ff4985eac00018e3ff4985eac00018e3ff4985eac
2026-03-26 07:10:43.999,FIN-WS22,jamie.patel,1,outlook.exe,"outlook.exe",explorer.exe,,,SHA256=001e31b148074aea001e31b148074aea001e31b148074aea001e31b148074aea
2026-03-26 07:15:18.624,FIN-WS17,taylor.owens,1,sshd,"sshd",explorer.exe,,,SHA256=0011e27bd2f8010d0011e27bd2f8010d0011e27bd2f8010d0011e27bd2f8010d
2026-03-26 07:18:55.363,BLD-RUN-02,alex.chen,1,chrome.exe,"chrome.exe",explorer.exe,,,SHA256=0022e3ebc37dc6e00022e3ebc37dc6e00022e3ebc37dc6e00022e3ebc37dc6e0
2026-03-26 07:21:45.058,BLD-RUN-02,svc-build,1,git,"git",explorer.exe,,,SHA256=00149765cd14bbb300149765cd14bbb300149765cd14bbb300149765cd14bbb3
2026-03-26 07:25:25.456,BLD-RUN-02,svc-export,1,powershell.exe,"powershell.exe",systemd,,,SHA256=000c5a0be88cc1c6000c5a0be88cc1c6000c5a0be88cc1c6000c5a0be88cc1c6
2026-03-26 07:28:05.240,ENG-MAC-17,riley.kapoor,1,slack.exe,"slack.exe",systemd,,,SHA256=0019099dca5f562d0019099dca5f562d0019099dca5f562d0019099dca5f562d
2026-03-26 07:36:55.138,ENG-MAC-04,svc-build,1,git,"git",systemd,,,SHA256=001a8eef8f531257001a8eef8f531257001a8eef8f531257001a8eef8f531257
2026-03-26 07:45:26.231,FIN-WS17,svc-export,1,python3,"python3",cmd.exe,,,SHA256=0004150ef20ad2b60004150ef20ad2b60004150ef20ad2b60004150ef20ad2b6
2026-03-26 07:53:02.269,FIN-WS17,svc-build,1,sshd,"sshd",cmd.exe,,,SHA256=001a84a51c786c48001a84a51c786c48001a84a51c786c48001a84a51c786c48
2026-03-26 07:57:39.319,ENG-MAC-04,morgan.sato,1,python3,"python3",cmd.exe,,,SHA256=0015d170505286e20015d170505286e20015d170505286e20015d170505286e2
2026-03-26 08:01:15.542,ENG-MAC-04,taylor.owens,1,powershell.exe,"powershell.exe",cmd.exe,,,SHA256=000199d547a32c94000199d547a32c94000199d547a32c94000199d547a32c94
2026-03-26 08:06:13.482,BLD-RUN-02,alex.chen,1,slack.exe,"slack.exe",launchd,,,SHA256=00177368829df68700177368829df68700177368829df68700177368829df687
2026-03-26 08:16:07.641,BLD-RUN-02,morgan.sato,1,git,"git",launchd,,,SHA256=001c1ac8284b060b001c1ac8284b060b001c1ac8284b060b001c1ac8284b060b
2026-03-26 08:18:55.889,BLD-RUN-02,alex.chen,1,powershell.exe,"powershell.exe",explorer.exe,,,SHA256=00142cce56a43cec00142cce56a43cec00142cce56a43cec00142cce56a43cec
2026-03-26 08:25:12.691,FIN-WS17,alex.chen,1,slack.exe,"slack.exe",launchd,,,SHA256=0008e1453187fa180008e1453187fa180008e1453187fa180008e1453187fa18
2026-03-26 08:35:17.227,ENG-MAC-04,svc-export,1,powershell.exe,"powershell.exe",launchd,,,SHA256=001f394dde3a1036001f394dde3a1036001f394dde3a1036001f394dde3a1036
2026-03-26 08:45:56.085,LINUX-JUMP-01,svc-export,1,sshd,"sshd",cmd.exe,,,SHA256=00120fa5e9cc49d100120fa5e9cc49d100120fa5e9cc49d100120fa5e9cc49d1
2026-03-26 08:56:37.736,ENG-MAC-17,jamie.patel,1,node,"node",explorer.exe,,,SHA256=0006cd308f7dab110006cd308f7dab110006cd308f7dab110006cd308f7dab11
2026-03-26 09:00:37.895,ENG-MAC-17,alex.chen,1,python3,"python3",systemd,,,SHA256=0004ad6b266b4b430004ad6b266b4b430004ad6b266b4b430004ad6b266b4b43
2026-03-26 09:05:17.985,ENG-MAC-04,riley.kapoor,1,python3,"python3",launchd,,,SHA256=000004b614c5289d000004b614c5289d000004b614c5289d000004b614c5289d
2026-03-26 09:13:54.205,FIN-WS22,riley.kapoor,1,git,"git",systemd,,,SHA256=0021a5c6de034efe0021a5c6de034efe0021a5c6de034efe0021a5c6de034efe
2026-03-26 09:21:16.537,LINUX-JUMP-01,riley.kapoor,1,python3,"python3",launchd,,,SHA256=000c2d6d918c1e9a000c2d6d918c1e9a000c2d6d918c1e9a000c2d6d918c1e9a
2026-03-26 09:30:33.829,ENG-MAC-17,morgan.sato,1,slack.exe,"slack.exe",systemd,,,SHA256=000d549fc05201dc000d549fc05201dc000d549fc05201dc000d549fc05201dc
2026-03-26 09:36:04.770,ENG-MAC-17,riley.kapoor,1,outlook.exe,"outlook.exe",cmd.exe,,,SHA256=000a7524d62b81d6000a7524d62b81d6000a7524d62b81d6000a7524d62b81d6
2026-03-26 09:40:10.999,FIN-WS17,morgan.sato,1,slack.exe,"slack.exe",cmd.exe,,,SHA256=0022d814fee7f7180022d814fee7f7180022d814fee7f7180022d814fee7f718
2026-03-26 09:48:47.265,ENG-MAC-17,alex.chen,1,slack.exe,"slack.exe",systemd,,,SHA256=0015f5a62c4620d60015f5a62c4620d60015f5a62c4620d60015f5a62c4620d6
2026-03-26 09:53:27.729,ENG-MAC-17,alex.chen,1,chrome.exe,"chrome.exe",launchd,,,SHA256=0005deed2f1b468f0005deed2f1b468f0005deed2f1b468f0005deed2f1b468f
2026-03-26 09:57:24.266,LINUX-JUMP-01,riley.kapoor,1,python3,"python3",launchd,,,SHA256=0003cc8b633e40c10003cc8b633e40c10003cc8b633e40c10003cc8b633e40c1
2026-03-26 10:04:22.700,ENG-MAC-17,jamie.patel,1,chrome.exe,"chrome.exe",launchd,,,SHA256=0006250366966b4f0006250366966b4f0006250366966b4f0006250366966b4f
2026-03-26 10:07:50.882,BLD-RUN-02,jamie.patel,1,node,"node",cmd.exe,,,SHA256=000eeff16a502894000eeff16a502894000eeff16a502894000eeff16a502894
2026-03-26 10:17:16.620,FIN-WS22,taylor.owens,1,powershell.exe,"powershell.exe",systemd,,,SHA256=001d92a44302ce68001d92a44302ce68001d92a44302ce68001d92a44302ce68
2026-03-26 10:21:15.783,FIN-WS17,svc-export,1,node,"node",systemd,,,SHA256=001066618a3ba682001066618a3ba682001066618a3ba682001066618a3ba682
2026-03-26 10:25:47.145,LINUX-JUMP-01,morgan.sato,1,outlook.exe,"outlook.exe",systemd,,,SHA256=00190b32a9bda9f200190b32a9bda9f200190b32a9bda9f200190b32a9bda9f2
2026-03-26 10:34:20.309,LINUX-JUMP-01,svc-export,1,outlook.exe,"outlook.exe",systemd,,,SHA256=0014f8f0f2bddbab0014f8f0f2bddbab0014f8f0f2bddbab0014f8f0f2bddbab
2026-03-26 10:41:39.579,BLD-RUN-02,riley.kapoor,1,powershell.exe,"powershell.exe",launchd,,,SHA256=0013fadab056305b0013fadab056305b0013fadab056305b0013fadab056305b
2026-03-26 10:48:46.996,FIN-WS17,alex.chen,1,powershell.exe,"powershell.exe",cmd.exe,,,SHA256=0007d749c527d9ff0007d749c527d9ff0007d749c527d9ff0007d749c527d9ff
2026-03-26 10:55:22.679,LINUX-JUMP-01,riley.kapoor,1,powershell.exe,"powershell.exe",explorer.exe,,,SHA256=000cfffe6b4123f4000cfffe6b4123f4000cfffe6b4123f4000cfffe6b4123f4
2026-03-26 11:01:04.683,FIN-WS17,svc-export,1,node,"node",launchd,,,SHA256=001549919a6ae073001549919a6ae073001549919a6ae073001549919a6ae073
2026-03-26 11:06:32.030,LINUX-JUMP-01,morgan.sato,1,outlook.exe,"outlook.exe",systemd,,,SHA256=0005f2c347714abd0005f2c347714abd0005f2c347714abd0005f2c347714abd
2026-03-26 11:13:05.463,LINUX-JUMP-01,alex.chen,1,outlook.exe,"outlook.exe",cmd.exe,,,SHA256=001cc723a4cb4165001cc723a4cb4165001cc723a4cb4165001cc723a4cb4165
2026-03-26 11:18:46.584,BLD-RUN-02,alex.chen,1,outlook.exe,"outlook.exe",cmd.exe,,,SHA256=001586aea3256a6f001586aea3256a6f001586aea3256a6f001586aea3256a6f
2026-03-26 11:25:06.885,FIN-WS17,morgan.sato,1,powershell.exe,"powershell.exe",launchd,,,SHA256=000ad87e13343f4b000ad87e13343f4b000ad87e13343f4b000ad87e13343f4b
2026-03-26 11:33:17.059,ENG-MAC-04,svc-export,1,git,"git",launchd,,,SHA256=0020b1e1d5aeb8ca0020b1e1d5aeb8ca0020b1e1d5aeb8ca0020b1e1d5aeb8ca
2026-03-26 11:42:20.922,ENG-MAC-04,riley.kapoor,1,python3,"python3",explorer.exe,,,SHA256=0011fa9bcd426ba20011fa9bcd426ba20011fa9bcd426ba20011fa9bcd426ba2
2026-03-26 11:47:28.046,ENG-MAC-17,taylor.owens,1,sshd,"sshd",cmd.exe,,,SHA256=00171ed5efeaec1f00171ed5efeaec1f00171ed5efeaec1f00171ed5efeaec1f
2026-03-26 11:55:49.360,ENG-MAC-17,svc-export,1,outlook.exe,"outlook.exe",explorer.exe,,,SHA256=0009a9951a8c54130009a9951a8c54130009a9951a8c54130009a9951a8c5413
2026-03-26 12:00:48.777,ENG-MAC-17,morgan.sato,1,powershell.exe,"powershell.exe",explorer.exe,,,SHA256=001002c94dd2581f001002c94dd2581f001002c94dd2581f001002c94dd2581f
2026-03-26 12:04:13.377,BLD-RUN-02,riley.kapoor,1,python3,"python3",explorer.exe,,,SHA256=000a250f1eb589e9000a250f1eb589e9000a250f1eb589e9000a250f1eb589e9
2026-03-26 12:11:30.648,LINUX-JUMP-01,svc-build,1,slack.exe,"slack.exe",launchd,,,SHA256=001829a4fcadc2e5001829a4fcadc2e5001829a4fcadc2e5001829a4fcadc2e5
2026-03-26 12:19:03.213,FIN-WS22,alex.chen,1,node,"node",cmd.exe,,,SHA256=00170b6327694fb200170b6327694fb200170b6327694fb200170b6327694fb2
2026-03-26 12:27:42.700,ENG-MAC-17,svc-build,1,outlook.exe,"outlook.exe",launchd,,,SHA256=001905a6547bde40001905a6547bde40001905a6547bde40001905a6547bde40
2026-03-26 12:38:01.955,ENG-MAC-04,taylor.owens,1,sshd,"sshd",systemd,,,SHA256=000870dddf627932000870dddf627932000870dddf627932000870dddf627932
2026-03-26 12:44:59.398,ENG-MAC-17,svc-build,1,node,"node",systemd,,,SHA256=000264f0df7c9143000264f0df7c9143000264f0df7c9143000264f0df7c9143
2026-03-26 12:54:35.584,LINUX-JUMP-01,morgan.sato,1,powershell.exe,"powershell.exe",cmd.exe,,,SHA256=0015d084771049900015d084771049900015d084771049900015d08477104990
2026-03-26 13:02:48.169,BLD-RUN-02,riley.kapoor,1,sshd,"sshd",explorer.exe,,,SHA256=0022430467467e120022430467467e120022430467467e120022430467467e12
2026-03-26 13:09:49.554,ENG-MAC-17,riley.kapoor,1,git,"git",systemd,,,SHA256=00131f7103875bba00131f7103875bba00131f7103875bba00131f7103875bba
2026-03-26 13:17:27.284,ENG-MAC-04,svc-export,1,node,"node",launchd,,,SHA256=00184164cd706fe400184164cd706fe400184164cd706fe400184164cd706fe4
2026-03-26 13:24:10.311,FIN-WS22,alex.chen,1,powershell.exe,"powershell.exe",launchd,,,SHA256=000d92d4583ee11a000d92d4583ee11a000d92d4583ee11a000d92d4583ee11a
2026-03-26 13:32:17.796,LINUX-JUMP-01,svc-export,1,slack.exe,"slack.exe",cmd.exe,,,SHA256=00213c7a886e9d5e00213c7a886e9d5e00213c7a886e9d5e00213c7a886e9d5e
2026-03-26 13:37:38.264,LINUX-JUMP-01,svc-build,1,slack.exe,"slack.exe",systemd,,,SHA256=00231742f4a7c27e00231742f4a7c27e00231742f4a7c27e00231742f4a7c27e
2026-03-26 13:44:36.366,BLD-RUN-02,svc-export,1,chrome.exe,"chrome.exe",systemd,,,SHA256=00092baa9836eb1300092baa9836eb1300092baa9836eb1300092baa9836eb13
2026-03-26 13:53:16.867,ENG-MAC-17,riley.kapoor,1,sshd,"sshd",launchd,,,SHA256=001b5dad85ee6f43001b5dad85ee6f43001b5dad85ee6f43001b5dad85ee6f43
2026-03-26 14:02:48.946,LINUX-JUMP-01,riley.kapoor,1,powershell.exe,"powershell.exe",launchd,,,SHA256=001fa0efc2309a56001fa0efc2309a56001fa0efc2309a56001fa0efc2309a56
2026-03-26 14:07:10.576,ENG-MAC-17,svc-build,1,python3,"python3",cmd.exe,,,SHA256=0003e6de47ed66c20003e6de47ed66c20003e6de47ed66c20003e6de47ed66c2
2026-03-26 14:12:28.394,ENG-MAC-04,morgan.sato,1,node,"node",systemd,,,SHA256=001cf636dee71042001cf636dee71042001cf636dee71042001cf636dee71042
2026-03-26 14:15:02.586,FIN-WS22,svc-export,1,slack.exe,"slack.exe",systemd,,,SHA256=000bbf3b91b0c7fe000bbf3b91b0c7fe000bbf3b91b0c7fe000bbf3b91b0c7fe
2026-03-26 14:20:32.245,BLD-RUN-02,taylor.owens,1,slack.exe,"slack.exe",explorer.exe,,,SHA256=001f325c6162a10a001f325c6162a10a001f325c6162a10a001f325c6162a10a
2026-03-26 14:27:11.368,ENG-MAC-17,svc-build,1,chrome.exe,"chrome.exe",cmd.exe,,,SHA256=001ced7371eb738e001ced7371eb738e001ced7371eb738e001ced7371eb738e
2026-03-26 14:37:19.960,LINUX-JUMP-01,taylor.owens,1,chrome.exe,"chrome.exe",cmd.exe,,,SHA256=0005856afa018b820005856afa018b820005856afa018b820005856afa018b82
2026-03-26 14:40:23.160,LINUX-JUMP-01,alex.chen,1,git,"git",explorer.exe,,,SHA256=00018655bb308bc700018655bb308bc700018655bb308bc700018655bb308bc7
2026-03-26 14:48:42.125,BLD-RUN-02,jamie.patel,1,slack.exe,"slack.exe",launchd,,,SHA256=00236aecc6cb90f000236aecc6cb90f000236aecc6cb90f000236aecc6cb90f0
2026-03-26 14:56:45.674,ENG-MAC-04,alex.chen,1,node,"node",explorer.exe,,,SHA256=0016102fdd2e5f2d0016102fdd2e5f2d0016102fdd2e5f2d0016102fdd2e5f2d
2026-03-26 15:06:37.181,ENG-MAC-04,riley.kapoor,1,sshd,"sshd",cmd.exe,,,SHA256=000eaa3f7a3dd50f000eaa3f7a3dd50f000eaa3f7a3dd50f000eaa3f7a3dd50f
2026-03-26 15:10:46.430,ENG-MAC-04,svc-export,1,python3,"python3",explorer.exe,,,SHA256=001444aea886091b001444aea886091b001444aea886091b001444aea886091b
2026-03-26 15:20:44.395,FIN-WS17,riley.kapoor,1,slack.exe,"slack.exe",systemd,,,SHA256=0019d3a0efb4f2640019d3a0efb4f2640019d3a0efb4f2640019d3a0efb4f264
2026-03-26 15:26:47.233,ENG-MAC-04,alex.chen,1,chrome.exe,"chrome.exe",systemd,,,SHA256=000fe8893b3a54af000fe8893b3a54af000fe8893b3a54af000fe8893b3a54af
2026-03-26 15:33:04.913,ENG-MAC-17,morgan.sato,1,git,"git",launchd,,,SHA256=0017c636d2436ec40017c636d2436ec40017c636d2436ec40017c636d2436ec4
2026-03-26 15:36:44.446,FIN-WS17,jamie.patel,1,outlook.exe,"outlook.exe",cmd.exe,,,SHA256=0002ccec7d68adf90002ccec7d68adf90002ccec7d68adf90002ccec7d68adf9
2026-03-26 15:47:15.847,FIN-WS17,morgan.sato,1,chrome.exe,"chrome.exe",launchd,,,SHA256=000ba14004fafc23000ba14004fafc23000ba14004fafc23000ba14004fafc23
2026-03-26 15:55:52.822,BLD-RUN-02,taylor.owens,1,python3,"python3",launchd,,,SHA256=0022142187992d660022142187992d660022142187992d660022142187992d66
2026-03-26 16:03:25.494,LINUX-JUMP-01,svc-build,1,git,"git",systemd,,,SHA256=00167429f4aa31a100167429f4aa31a100167429f4aa31a100167429f4aa31a1
2026-03-26 16:13:28.815,LINUX-JUMP-01,svc-export,1,slack.exe,"slack.exe",launchd,,,SHA256=0015e43ccf4509690015e43ccf4509690015e43ccf4509690015e43ccf450969
2026-03-26 16:20:10.889,ENG-MAC-17,riley.kapoor,1,git,"git",explorer.exe,,,SHA256=000a7bd63196a8d0000a7bd63196a8d0000a7bd63196a8d0000a7bd63196a8d0
2026-03-26 16:27:57.365,BLD-RUN-02,riley.kapoor,1,slack.exe,"slack.exe",cmd.exe,,,SHA256=00110785d985fa6a00110785d985fa6a00110785d985fa6a00110785d985fa6a
2026-03-26 16:35:42.025,ENG-MAC-17,riley.kapoor,1,slack.exe,"slack.exe",cmd.exe,,,SHA256=000d4dba59f2ab4a000d4dba59f2ab4a000d4dba59f2ab4a000d4dba59f2ab4a
2026-03-26 16:40:44.332,ENG-MAC-17,svc-build,1,outlook.exe,"outlook.exe",launchd,,,SHA256=0002079c6be05cf30002079c6be05cf30002079c6be05cf30002079c6be05cf3
2026-03-26 16:44:10.216,ENG-MAC-04,riley.kapoor,1,python3,"python3",cmd.exe,,,SHA256=001f7ea1a023dc72001f7ea1a023dc72001f7ea1a023dc72001f7ea1a023dc72
2026-03-26 16:51:44.831,BLD-RUN-02,taylor.owens,1,outlook.exe,"outlook.exe",explorer.exe,,,SHA256=00108d76a2bc1e1700108d76a2bc1e1700108d76a2bc1e1700108d76a2bc1e17
2026-03-26 16:59:41.172,ENG-MAC-17,morgan.sato,1,slack.exe,"slack.exe",launchd,,,SHA256=0004e9332d7a8b880004e9332d7a8b880004e9332d7a8b880004e9332d7a8b88
2026-03-26 17:05:15.885,ENG-MAC-17,alex.chen,1,chrome.exe,"chrome.exe",systemd,,,SHA256=00159c2e7ae8be2500159c2e7ae8be2500159c2e7ae8be2500159c2e7ae8be25
2026-03-26 17:08:46.506,LINUX-JUMP-01,morgan.sato,1,node,"node",launchd,,,SHA256=0018e97c2fa299f20018e97c2fa299f20018e97c2fa299f20018e97c2fa299f2
2026-03-26 17:16:29.904,FIN-WS22,alex.chen,1,powershell.exe,"powershell.exe",explorer.exe,,,SHA256=001375ad7fd7f58c001375ad7fd7f58c001375ad7fd7f58c001375ad7fd7f58c
2026-03-26 17:22:30.509,ENG-MAC-17,jamie.patel,1,git,"git",cmd.exe,,,SHA256=00070fd9a16d21c800070fd9a16d21c800070fd9a16d21c800070fd9a16d21c8
2026-03-26 17:32:03.648,LINUX-JUMP-01,morgan.sato,1,chrome.exe,"chrome.exe",systemd,,,SHA256=001f25629290c810001f25629290c810001f25629290c810001f25629290c810
2026-03-26 17:43:22.149,LINUX-JUMP-01,morgan.sato,1,powershell.exe,"powershell.exe",systemd,,,SHA256=000bad707df948a0000bad707df948a0000bad707df948a0000bad707df948a0
2026-03-26 17:49:05.443,FIN-WS22,taylor.owens,1,outlook.exe,"outlook.exe",explorer.exe,,,SHA256=0004693a061a122c0004693a061a122c0004693a061a122c0004693a061a122c
2026-03-26 17:58:45.386,FIN-WS22,taylor.owens,1,git,"git",launchd,,,SHA256=001c2cac69afea9a001c2cac69afea9a001c2cac69afea9a001c2cac69afea9a
2026-03-26 18:03:41.551,FIN-WS17,svc-build,1,outlook.exe,"outlook.exe",cmd.exe,,,SHA256=0011ca606813dcc90011ca606813dcc90011ca606813dcc90011ca606813dcc9
2026-03-26 18:09:14.008,LINUX-JUMP-01,jamie.patel,1,git,"git",cmd.exe,,,SHA256=0002080f7aed09ac0002080f7aed09ac0002080f7aed09ac0002080f7aed09ac
2026-03-26 18:17:50.716,ENG-MAC-04,jamie.patel,1,node,"node",systemd,,,SHA256=0012bac6f007031f0012bac6f007031f0012bac6f007031f0012bac6f007031f
2026-03-26 18:27:20.330,BLD-RUN-02,alex.chen,1,node,"node",systemd,,,SHA256=0003e5ad7e492d310003e5ad7e492d310003e5ad7e492d310003e5ad7e492d31
2026-03-26 18:33:54.034,BLD-RUN-02,svc-export,1,node,"node",cmd.exe,,,SHA256=000c349fb051f6ea000c349fb051f6ea000c349fb051f6ea000c349fb051f6ea
2026-03-26 18:41:00.212,BLD-RUN-02,svc-build,1,slack.exe,"slack.exe",systemd,,,SHA256=0016ec0c71591daf0016ec0c71591daf0016ec0c71591daf0016ec0c71591daf
2026-03-26 18:50:15.422,ENG-MAC-17,morgan.sato,1,python3,"python3",launchd,,,SHA256=001a82269a9caed0001a82269a9caed0001a82269a9caed0001a82269a9caed0
2026-03-26 19:01:19.981,ENG-MAC-17,riley.kapoor,1,git,"git",cmd.exe,,,SHA256=000c252e82caa8e7000c252e82caa8e7000c252e82caa8e7000c252e82caa8e7
2026-03-26 19:04:46.081,FIN-WS17,taylor.owens,1,chrome.exe,"chrome.exe",cmd.exe,,,SHA256=0008d59110050b100008d59110050b100008d59110050b100008d59110050b10
2026-03-26 19:12:43.977,LINUX-JUMP-01,svc-export,1,powershell.exe,"powershell.exe",cmd.exe,,,SHA256=0005867e785e5a220005867e785e5a220005867e785e5a220005867e785e5a22
2026-03-26 19:20:54.486,FIN-WS22,morgan.sato,1,chrome.exe,"chrome.exe",explorer.exe,,,SHA256=00196468efab3c6e00196468efab3c6e00196468efab3c6e00196468efab3c6e
2026-03-26 19:30:04.550,BLD-RUN-02,jamie.patel,1,python3,"python3",explorer.exe,,,SHA256=001c813ca7eb52b9001c813ca7eb52b9001c813ca7eb52b9001c813ca7eb52b9
2026-03-26 19:35:41.535,BLD-RUN-02,riley.kapoor,1,chrome.exe,"chrome.exe",systemd,,,SHA256=000cbd06ba15f95d000cbd06ba15f95d000cbd06ba15f95d000cbd06ba15f95d
2026-03-26 19:39:49.466,ENG-MAC-04,alex.chen,1,powershell.exe,"powershell.exe",launchd,,,SHA256=001e42096918aee3001e42096918aee3001e42096918aee3001e42096918aee3
2026-03-26 19:48:48.648,ENG-MAC-04,morgan.sato,1,python3,"python3",systemd,,,SHA256=0005b51d80458d6d0005b51d80458d6d0005b51d80458d6d0005b51d80458d6d
2026-03-26 19:51:44.822,ENG-MAC-17,morgan.sato,1,outlook.exe,"outlook.exe",cmd.exe,,,SHA256=00039a01a1e622c400039a01a1e622c400039a01a1e622c400039a01a1e622c4
2026-03-26 20:02:24.697,FIN-WS17,alex.chen,1,slack.exe,"slack.exe",launchd,,,SHA256=00235da08d4c0ef600235da08d4c0ef600235da08d4c0ef600235da08d4c0ef6
2026-03-26 20:09:04.667,FIN-WS22,jamie.patel,1,sshd,"sshd",cmd.exe,,,SHA256=0005934eff40bbb50005934eff40bbb50005934eff40bbb50005934eff40bbb5
2026-03-26 20:14:25.815,ENG-MAC-17,taylor.owens,1,slack.exe,"slack.exe",cmd.exe,,,SHA256=0000a162dd9047040000a162dd9047040000a162dd9047040000a162dd904704
2026-03-26 20:21:41.674,ENG-MAC-04,morgan.sato,1,powershell.exe,"powershell.exe",cmd.exe,,,SHA256=000dbe78a556f1d0000dbe78a556f1d0000dbe78a556f1d0000dbe78a556f1d0
2026-03-26 20:28:20.200,FIN-WS22,taylor.owens,1,powershell.exe,"powershell.exe",launchd,,,SHA256=0003b849419617840003b849419617840003b849419617840003b84941961784
2026-03-26 20:32:06.316,FIN-WS22,taylor.owens,1,slack.exe,"slack.exe",explorer.exe,,,SHA256=001801cd6c1c75bf001801cd6c1c75bf001801cd6c1c75bf001801cd6c1c75bf
2026-03-26 20:36:38.215,LINUX-JUMP-01,taylor.owens,1,node,"node",systemd,,,SHA256=000e3b1491696baf000e3b1491696baf000e3b1491696baf000e3b1491696baf
2026-03-26 20:42:45.140,ENG-MAC-17,jamie.patel,1,slack.exe,"slack.exe",explorer.exe,,,SHA256=0016fd27bdc866c50016fd27bdc866c50016fd27bdc866c50016fd27bdc866c5
2026-03-26 20:45:26.171,ENG-MAC-04,jamie.patel,1,powershell.exe,"powershell.exe",systemd,,,SHA256=00094221e1f8feb500094221e1f8feb500094221e1f8feb500094221e1f8feb5
2026-03-26 20:54:21.844,LINUX-JUMP-01,alex.chen,1,node,"node",systemd,,,SHA256=0009de3c5557dd0a0009de3c5557dd0a0009de3c5557dd0a0009de3c5557dd0a
2026-03-26 21:00:50.314,LINUX-JUMP-01,morgan.sato,1,chrome.exe,"chrome.exe",explorer.exe,,,SHA256=000506d3e5ad84ac000506d3e5ad84ac000506d3e5ad84ac000506d3e5ad84ac
2026-03-26 21:10:47.995,FIN-WS22,svc-build,1,python3,"python3",explorer.exe,,,SHA256=0002b2c0a8c7f42c0002b2c0a8c7f42c0002b2c0a8c7f42c0002b2c0a8c7f42c
2026-03-26 21:16:55.672,BLD-RUN-02,morgan.sato,1,git,"git",explorer.exe,,,SHA256=0008572ea94b01ba0008572ea94b01ba0008572ea94b01ba0008572ea94b01ba
2026-03-26 21:23:03.353,LINUX-JUMP-01,svc-export,1,python3,"python3",systemd,,,SHA256=0008ae64d66bc2060008ae64d66bc2060008ae64d66bc2060008ae64d66bc206
2026-03-26 21:33:32.526,BLD-RUN-02,morgan.sato,1,node,"node",launchd,,,SHA256=001fa1c2c95d5b81001fa1c2c95d5b81001fa1c2c95d5b81001fa1c2c95d5b81
2026-03-26 21:43:48.876,BLD-RUN-02,alex.chen,1,git,"git",launchd,,,SHA256=0011ca3e6834e5ba0011ca3e6834e5ba0011ca3e6834e5ba0011ca3e6834e5ba
2026-03-26 21:53:01.417,FIN-WS17,svc-export,1,outlook.exe,"outlook.exe",launchd,,,SHA256=0004833bea9870c90004833bea9870c90004833bea9870c90004833bea9870c9
2026-03-26 22:01:08.631,ENG-MAC-17,jamie.patel,1,python3,"python3",launchd,,,SHA256=0010f718fc339b040010f718fc339b040010f718fc339b040010f718fc339b04
2026-03-26 22:05:35.697,FIN-WS17,svc-export,1,chrome.exe,"chrome.exe",cmd.exe,,,SHA256=001b96bc47554372001b96bc47554372001b96bc47554372001b96bc47554372
2026-03-26 22:16:39.935,LINUX-JUMP-01,riley.kapoor,1,chrome.exe,"chrome.exe",explorer.exe,,,SHA256=001efdde7d837dc0001efdde7d837dc0001efdde7d837dc0001efdde7d837dc0
2026-03-26 22:19:58.782,ENG-MAC-04,svc-build,1,sshd,"sshd",launchd,,,SHA256=0002160a4a1e009a0002160a4a1e009a0002160a4a1e009a0002160a4a1e009a
2026-03-26 22:22:44.193,LINUX-JUMP-01,alex.chen,1,slack.exe,"slack.exe",systemd,,,SHA256=001b6849060569ba001b6849060569ba001b6849060569ba001b6849060569ba
2026-03-26 22:31:21.378,ENG-MAC-17,taylor.owens,1,powershell.exe,"powershell.exe",launchd,,,SHA256=001682d298ecf30d001682d298ecf30d001682d298ecf30d001682d298ecf30d
2026-03-26 22:33:54.019,ENG-MAC-17,alex.chen,1,node,"node",cmd.exe,,,SHA256=001d0f0f39c522b8001d0f0f39c522b8001d0f0f39c522b8001d0f0f39c522b8
2026-03-26 22:36:42.081,BLD-RUN-02,svc-build,1,sshd,"sshd",launchd,,,SHA256=000f3a55c4e0abec000f3a55c4e0abec000f3a55c4e0abec000f3a55c4e0abec
2026-03-26 22:40:05.349,ENG-MAC-17,jamie.patel,1,slack.exe,"slack.exe",systemd,,,SHA256=000533a2ee43b0c4000533a2ee43b0c4000533a2ee43b0c4000533a2ee43b0c4
2026-03-26 22:43:02.869,BLD-RUN-02,riley.kapoor,1,powershell.exe,"powershell.exe",explorer.exe,,,SHA256=001bf03d39e9eda0001bf03d39e9eda0001bf03d39e9eda0001bf03d39e9eda0
2026-03-26 22:45:46.385,FIN-WS17,svc-build,1,powershell.exe,"powershell.exe",explorer.exe,,,SHA256=00091b0375a89cbd00091b0375a89cbd00091b0375a89cbd00091b0375a89cbd
2026-03-26 22:52:09.139,LINUX-JUMP-01,taylor.owens,1,slack.exe,"slack.exe",cmd.exe,,,SHA256=0019fae037a025000019fae037a025000019fae037a025000019fae037a02500
2026-03-26 22:57:28.320,ENG-MAC-04,jamie.patel,1,slack.exe,"slack.exe",systemd,,,SHA256=0008b76ad8ef791f0008b76ad8ef791f0008b76ad8ef791f0008b76ad8ef791f
2026-03-26 23:05:32.059,ENG-MAC-17,alex.chen,1,powershell.exe,"powershell.exe",launchd,,,SHA256=000e3b143ad07cbf000e3b143ad07cbf000e3b143ad07cbf000e3b143ad07cbf
2026-03-26 23:10:45.949,ENG-MAC-17,riley.kapoor,1,powershell.exe,"powershell.exe",systemd,,,SHA256=0002aea7e03763110002aea7e03763110002aea7e03763110002aea7e0376311
2026-03-26 23:14:49.136,LINUX-JUMP-01,jamie.patel,1,slack.exe,"slack.exe",explorer.exe,,,SHA256=002151492427d71a002151492427d71a002151492427d71a002151492427d71a
2026-03-26 23:25:09.362,ENG-MAC-17,taylor.owens,1,outlook.exe,"outlook.exe",launchd,,,SHA256=001c2a2f2b2e67af001c2a2f2b2e67af001c2a2f2b2e67af001c2a2f2b2e67af
2026-03-26 23:29:47.028,ENG-MAC-17,taylor.owens,1,python3,"python3",explorer.exe,,,SHA256=000e06cb415439c1000e06cb415439c1000e06cb415439c1000e06cb415439c1
2026-03-26 23:33:51.057,ENG-MAC-17,alex.chen,1,powershell.exe,"powershell.exe",explorer.exe,,,SHA256=001f0522950cf998001f0522950cf998001f0522950cf998001f0522950cf998
2026-03-26 23:36:28.733,FIN-WS22,riley.kapoor,1,node,"node",launchd,,,SHA256=000f9bf686397804000f9bf686397804000f9bf686397804000f9bf686397804
2026-03-26 23:47:45.940,BLD-RUN-02,taylor.owens,1,node,"node",cmd.exe,,,SHA256=000421a7f891e2b8000421a7f891e2b8000421a7f891e2b8000421a7f891e2b8
2026-03-26 23:54:15.448,LINUX-JUMP-01,riley.kapoor,1,chrome.exe,"chrome.exe",launchd,,,SHA256=002085e6491f2742002085e6491f2742002085e6491f2742002085e6491f2742
2026-03-26 23:59:44.793,FIN-WS17,riley.kapoor,1,chrome.exe,"chrome.exe",explorer.exe,,,SHA256=001af7cf69c95e59001af7cf69c95e59001af7cf69c95e59001af7cf69c95e59
2026-03-27 00:06:31.482,ENG-MAC-04,morgan.sato,1,git,"git",systemd,,,SHA256=0013a4bd5697298d0013a4bd5697298d0013a4bd5697298d0013a4bd5697298d
2026-03-27 00:15:14.922,FIN-WS17,alex.chen,1,slack.exe,"slack.exe",cmd.exe,,,SHA256=0019f4c1c61f47670019f4c1c61f47670019f4c1c61f47670019f4c1c61f4767
2026-03-27 00:23:28.753,FIN-WS22,svc-build,1,chrome.exe,"chrome.exe",launchd,,,SHA256=000d448933365a9f000d448933365a9f000d448933365a9f000d448933365a9f
2026-03-27 00:32:24.821,LINUX-JUMP-01,svc-build,1,python3,"python3",systemd,,,SHA256=0007d74c70c687020007d74c70c687020007d74c70c687020007d74c70c68702
2026-03-27 00:42:05.518,FIN-WS22,riley.kapoor,1,powershell.exe,"powershell.exe",cmd.exe,,,SHA256=0014f2d15ea32b040014f2d15ea32b040014f2d15ea32b040014f2d15ea32b04
2026-03-27 00:47:42.813,FIN-WS17,taylor.owens,1,node,"node",explorer.exe,,,SHA256=0022f4d557c62f480022f4d557c62f480022f4d557c62f480022f4d557c62f48
2026-03-27 00:53:02.100,BLD-RUN-02,taylor.owens,1,node,"node",cmd.exe,,,SHA256=000191abe300357f000191abe300357f000191abe300357f000191abe300357f
2026-03-27 01:04:02.753,FIN-WS22,riley.kapoor,1,node,"node",explorer.exe,,,SHA256=0001cc549482ee620001cc549482ee620001cc549482ee620001cc549482ee62
2026-03-27 01:15:14.529,FIN-WS22,jamie.patel,1,git,"git",explorer.exe,,,SHA256=0011424c09621ac00011424c09621ac00011424c09621ac00011424c09621ac0
2026-03-27 01:22:23.010,ENG-MAC-17,riley.kapoor,1,python3,"python3",explorer.exe,,,SHA256=001b4090c160c5cf001b4090c160c5cf001b4090c160c5cf001b4090c160c5cf
2026-03-27 01:28:15.101,LINUX-JUMP-01,taylor.owens,1,sshd,"sshd",launchd,,,SHA256=000825b0cc5e2f48000825b0cc5e2f48000825b0cc5e2f48000825b0cc5e2f48
2026-03-27 01:33:48.052,ENG-MAC-17,svc-build,1,powershell.exe,"powershell.exe",systemd,,,SHA256=000bf7fbc9c931ef000bf7fbc9c931ef000bf7fbc9c931ef000bf7fbc9c931ef
2026-03-27 01:43:27.013,ENG-MAC-17,svc-export,1,slack.exe,"slack.exe",explorer.exe,,,SHA256=002362c44416c79a002362c44416c79a002362c44416c79a002362c44416c79a
2026-03-27 01:50:55.103,ENG-MAC-17,alex.chen,1,outlook.exe,"outlook.exe",cmd.exe,,,SHA256=000a1eae90692dd2000a1eae90692dd2000a1eae90692dd2000a1eae90692dd2
2026-03-27 01:57:48.347,FIN-WS22,svc-export,1,powershell.exe,"powershell.exe",launchd,,,SHA256=0022e0ad9fa72ea40022e0ad9fa72ea40022e0ad9fa72ea40022e0ad9fa72ea4
2026-03-27 02:04:31.462,ENG-MAC-04,svc-export,1,powershell.exe,"powershell.exe",explorer.exe,,,SHA256=0012534cd894bf400012534cd894bf400012534cd894bf400012534cd894bf40
2026-03-27 02:07:38.804,FIN-WS17,riley.kapoor,1,chrome.exe,"chrome.exe",launchd,,,SHA256=000ff604feb6926e000ff604feb6926e000ff604feb6926e000ff604feb6926e
2026-03-27 02:16:21.186,FIN-WS22,riley.kapoor,1,powershell.exe,"powershell.exe",cmd.exe,,,SHA256=001f9f00fc2cf70b001f9f00fc2cf70b001f9f00fc2cf70b001f9f00fc2cf70b
2026-03-27 02:23:30.702,BLD-RUN-02,taylor.owens,1,python3,"python3",systemd,,,SHA256=000defc5053b7304000defc5053b7304000defc5053b7304000defc5053b7304
2026-03-27 02:28:42.975,FIN-WS17,jamie.patel,1,outlook.exe,"outlook.exe",cmd.exe,,,SHA256=00114e48bbb3919300114e48bbb3919300114e48bbb3919300114e48bbb39193
2026-03-27 02:38:03.896,BLD-RUN-02,svc-build,1,chrome.exe,"chrome.exe",explorer.exe,,,SHA256=0002623f89425fa00002623f89425fa00002623f89425fa00002623f89425fa0
2026-03-27 02:46:54.223,FIN-WS22,riley.kapoor,1,git,"git",systemd,,,SHA256=0022d1300e37a3980022d1300e37a3980022d1300e37a3980022d1300e37a398
2026-03-27 02:49:32.389,FIN-WS17,jamie.patel,1,powershell.exe,"powershell.exe",launchd,,,SHA256=000f9f09c63c0e1a000f9f09c63c0e1a000f9f09c63c0e1a000f9f09c63c0e1a
2026-03-27 02:59:59.323,FIN-WS22,morgan.sato,1,slack.exe,"slack.exe",explorer.exe,,,SHA256=001c2062b7a2ff46001c2062b7a2ff46001c2062b7a2ff46001c2062b7a2ff46
2026-03-27 03:05:08.534,FIN-WS22,alex.chen,1,powershell.exe,"powershell.exe",cmd.exe,,,SHA256=001e01a062331894001e01a062331894001e01a062331894001e01a062331894
2026-03-27 03:08:53.426,FIN-WS17,jamie.patel,1,node,"node",launchd,,,SHA256=0021f26cdf823d7c0021f26cdf823d7c0021f26cdf823d7c0021f26cdf823d7c
2026-03-27 03:18:18.849,BLD-RUN-02,jamie.patel,1,python3,"python3",explorer.exe,,,SHA256=000e4cfaa751ed5f000e4cfaa751ed5f000e4cfaa751ed5f000e4cfaa751ed5f
2026-03-27 03:26:16.006,FIN-WS17,svc-build,1,chrome.exe,"chrome.exe",launchd,,,SHA256=001e4386b8e6975f001e4386b8e6975f001e4386b8e6975f001e4386b8e6975f
2026-03-27 03:36:43.594,FIN-WS17,svc-build,1,git,"git",cmd.exe,,,SHA256=00234dcc63c2bd3200234dcc63c2bd3200234dcc63c2bd3200234dcc63c2bd32
2026-03-27 03:40:01.676,LINUX-JUMP-01,alex.chen,1,sshd,"sshd",cmd.exe,,,SHA256=00089c007e96fc1e00089c007e96fc1e00089c007e96fc1e00089c007e96fc1e
2026-03-27 03:46:20.386,LINUX-JUMP-01,alex.chen,1,slack.exe,"slack.exe",explorer.exe,,,SHA256=001d9f5effdb738e001d9f5effdb738e001d9f5effdb738e001d9f5effdb738e
2026-03-27 03:48:58.851,FIN-WS22,morgan.sato,1,sshd,"sshd",cmd.exe,,,SHA256=0009bc66289e0f060009bc66289e0f060009bc66289e0f060009bc66289e0f06
2026-03-27 03:59:50.243,BLD-RUN-02,alex.chen,1,node,"node",explorer.exe,,,SHA256=0021b7e75e59056a0021b7e75e59056a0021b7e75e59056a0021b7e75e59056a
2026-03-27 04:07:19.968,FIN-WS17,svc-build,1,node,"node",cmd.exe,,,SHA256=000d53f89b36f9c7000d53f89b36f9c7000d53f89b36f9c7000d53f89b36f9c7
2026-03-27 04:11:12.592,LINUX-JUMP-01,svc-export,1,sshd,"sshd",systemd,,,SHA256=00037c7831eea22400037c7831eea22400037c7831eea22400037c7831eea224
2026-03-27 04:15:30.096,ENG-MAC-04,morgan.sato,1,chrome.exe,"chrome.exe",launchd,,,SHA256=00079b33e8173f0700079b33e8173f0700079b33e8173f0700079b33e8173f07
2026-03-27 04:22:13.877,BLD-RUN-02,svc-build,1,git,"git",explorer.exe,,,SHA256=002144ef93cc92ac002144ef93cc92ac002144ef93cc92ac002144ef93cc92ac
2026-03-27 04:27:53.895,ENG-MAC-17,jamie.patel,1,git,"git",explorer.exe,,,SHA256=00051eafdaf3f92700051eafdaf3f92700051eafdaf3f92700051eafdaf3f927
2026-03-27 04:34:02.552,FIN-WS22,svc-export,1,powershell.exe,"powershell.exe",explorer.exe,,,SHA256=0010bea16f00d2e80010bea16f00d2e80010bea16f00d2e80010bea16f00d2e8
2026-03-27 04:43:04.017,BLD-RUN-02,jamie.patel,1,git,"git",explorer.exe,,,SHA256=001c9905b4583153001c9905b4583153001c9905b4583153001c9905b4583153
2026-03-27 04:52:01.346,FIN-WS17,riley.kapoor,1,chrome.exe,"chrome.exe",cmd.exe,,,SHA256=0003acf40141b16c0003acf40141b16c0003acf40141b16c0003acf40141b16c
2026-03-27 04:59:47.155,ENG-MAC-17,taylor.owens,1,git,"git",cmd.exe,,,SHA256=001c8e3db2503acf001c8e3db2503acf001c8e3db2503acf001c8e3db2503acf
2026-03-27 05:08:35.834,ENG-MAC-04,jamie.patel,1,node,"node",launchd,,,SHA256=001c8295bedd015f001c8295bedd015f001c8295bedd015f001c8295bedd015f
2026-03-27 05:12:27.075,ENG-MAC-04,morgan.sato,1,python3,"python3",systemd,,,SHA256=0016fb8990273e7f0016fb8990273e7f0016fb8990273e7f0016fb8990273e7f
2026-03-27 05:20:36.454,BLD-RUN-02,morgan.sato,1,outlook.exe,"outlook.exe",explorer.exe,,,SHA256=000791fcc6e9aaa6000791fcc6e9aaa6000791fcc6e9aaa6000791fcc6e9aaa6
2026-03-27 05:29:17.095,ENG-MAC-17,riley.kapoor,1,powershell.exe,"powershell.exe",launchd,,,SHA256=000c3dea978f62b5000c3dea978f62b5000c3dea978f62b5000c3dea978f62b5
2026-03-27 05:36:19.252,ENG-MAC-04,taylor.owens,1,git,"git",explorer.exe,,,SHA256=001a3e0932c1a456001a3e0932c1a456001a3e0932c1a456001a3e0932c1a456
2026-03-27 05:39:37.598,ENG-MAC-17,riley.kapoor,1,sshd,"sshd",cmd.exe,,,SHA256=000cccf414133b41000cccf414133b41000cccf414133b41000cccf414133b41
2026-03-27 05:47:08.745,ENG-MAC-04,jamie.patel,1,powershell.exe,"powershell.exe",explorer.exe,,,SHA256=001ff45600d5a557001ff45600d5a557001ff45600d5a557001ff45600d5a557
2026-03-27 05:49:47.283,BLD-RUN-02,alex.chen,1,git,"git",cmd.exe,,,SHA256=001d606309506db5001d606309506db5001d606309506db5001d606309506db5
2026-03-27 05:53:34.425,BLD-RUN-02,riley.kapoor,1,chrome.exe,"chrome.exe",systemd,,,SHA256=00122f6e4896175a00122f6e4896175a00122f6e4896175a00122f6e4896175a
2026-03-27 06:03:39.999,ENG-MAC-17,svc-build,1,chrome.exe,"chrome.exe",explorer.exe,,,SHA256=000722af46f1b5f8000722af46f1b5f8000722af46f1b5f8000722af46f1b5f8
2026-03-27 06:14:50.568,LINUX-JUMP-01,svc-export,1,outlook.exe,"outlook.exe",launchd,,,SHA256=0011457f2d6b17ff0011457f2d6b17ff0011457f2d6b17ff0011457f2d6b17ff
2026-03-27 06:17:32.114,FIN-WS22,taylor.owens,1,slack.exe,"slack.exe",explorer.exe,,,SHA256=001b9e252fd4b70d001b9e252fd4b70d001b9e252fd4b70d001b9e252fd4b70d
2026-03-27 06:27:17.097,FIN-WS22,svc-build,1,outlook.exe,"outlook.exe",cmd.exe,,,SHA256=000a42b13d3b9440000a42b13d3b9440000a42b13d3b9440000a42b13d3b9440
2026-03-27 06:35:08.515,BLD-RUN-02,alex.chen,1,python3,"python3",explorer.exe,,,SHA256=001a314fec9c4423001a314fec9c4423001a314fec9c4423001a314fec9c4423
2026-03-27 06:39:17.421,FIN-WS22,svc-build,1,chrome.exe,"chrome.exe",explorer.exe,,,SHA256=000d0bda41f7ca23000d0bda41f7ca23000d0bda41f7ca23000d0bda41f7ca23
2026-03-27 06:50:28.441,FIN-WS17,morgan.sato,1,sshd,"sshd",launchd,,,SHA256=001706ad52100dde001706ad52100dde001706ad52100dde001706ad52100dde
2026-03-27 06:58:17.255,BLD-RUN-02,taylor.owens,1,node,"node",systemd,,,SHA256=0002f1dbbdbabca00002f1dbbdbabca00002f1dbbdbabca00002f1dbbdbabca0
2026-03-27 07:02:15.488,ENG-MAC-17,alex.chen,1,outlook.exe,"outlook.exe",systemd,,,SHA256=00150422ac66dfe600150422ac66dfe600150422ac66dfe600150422ac66dfe6
2026-03-27 07:07:06.583,BLD-RUN-02,morgan.sato,1,chrome.exe,"chrome.exe",launchd,,,SHA256=0021c3bd305965ce0021c3bd305965ce0021c3bd305965ce0021c3bd305965ce
2026-03-27 07:11:29.249,LINUX-JUMP-01,alex.chen,1,sshd,"sshd",cmd.exe,,,SHA256=000c027df3acdab0000c027df3acdab0000c027df3acdab0000c027df3acdab0
2026-03-27 07:19:35.025,ENG-MAC-17,alex.chen,1,outlook.exe,"outlook.exe",cmd.exe,,,SHA256=000821a0f74db354000821a0f74db354000821a0f74db354000821a0f74db354
2026-03-27 07:24:59.172,FIN-WS17,jamie.patel,1,python3,"python3",systemd,,,SHA256=000896d6fd18558b000896d6fd18558b000896d6fd18558b000896d6fd18558b
2026-03-27 07:35:09.022,FIN-WS22,alex.chen,1,git,"git",cmd.exe,,,SHA256=0005ca50ab03990d0005ca50ab03990d0005ca50ab03990d0005ca50ab03990d
2026-03-27 07:38:14.350,BLD-RUN-02,svc-build,1,chrome.exe,"chrome.exe",explorer.exe,,,SHA256=001b9960d91054ec001b9960d91054ec001b9960d91054ec001b9960d91054ec
2026-03-27 07:42:47.343,ENG-MAC-17,jamie.patel,1,slack.exe,"slack.exe",explorer.exe,,,SHA256=000eebed26c4c5fc000eebed26c4c5fc000eebed26c4c5fc000eebed26c4c5fc
2026-03-27 07:51:26.072,FIN-WS17,svc-build,1,slack.exe,"slack.exe",systemd,,,SHA256=001f84dd0919c0fd001f84dd0919c0fd001f84dd0919c0fd001f84dd0919c0fd
2026-03-27 07:55:29.584,LINUX-JUMP-01,svc-build,1,slack.exe,"slack.exe",cmd.exe,,,SHA256=00127beac5eac77200127beac5eac77200127beac5eac77200127beac5eac772
2026-03-27 07:59:53.110,LINUX-JUMP-01,alex.chen,1,powershell.exe,"powershell.exe",launchd,,,SHA256=00144e5b0395c86200144e5b0395c86200144e5b0395c86200144e5b0395c862
2026-03-27 08:04:00.411,ENG-MAC-04,morgan.sato,1,python3,"python3",explorer.exe,,,SHA256=000aed4ff688a67b000aed4ff688a67b000aed4ff688a67b000aed4ff688a67b
2026-03-27 08:07:42.811,LINUX-JUMP-01,taylor.owens,1,git,"git",cmd.exe,,,SHA256=000d5c5b6a5f1b4c000d5c5b6a5f1b4c000d5c5b6a5f1b4c000d5c5b6a5f1b4c
2026-03-27 08:10:30.466,FIN-WS22,svc-export,1,node,"node",explorer.exe,,,SHA256=001adf2afa3b4b90001adf2afa3b4b90001adf2afa3b4b90001adf2afa3b4b90
2026-03-27 08:18:54.215,FIN-WS17,jamie.patel,1,chrome.exe,"chrome.exe",launchd,,,SHA256=00196ba352cdeac300196ba352cdeac300196ba352cdeac300196ba352cdeac3
2026-03-27 08:30:22.938,FIN-WS17,svc-export,1,powershell.exe,"powershell.exe",cmd.exe,,,SHA256=00178e4f3b79347900178e4f3b79347900178e4f3b79347900178e4f3b793479
2026-03-27 08:40:32.537,BLD-RUN-02,taylor.owens,1,sshd,"sshd",launchd,,,SHA256=0006f5feda96d82e0006f5feda96d82e0006f5feda96d82e0006f5feda96d82e
2026-03-27 08:51:12.970,ENG-MAC-04,svc-build,1,outlook.exe,"outlook.exe",launchd,,,SHA256=00009f5bc5f9488200009f5bc5f9488200009f5bc5f9488200009f5bc5f94882
2026-03-27 08:56:17.461,FIN-WS22,riley.kapoor,1,node,"node",systemd,,,SHA256=000cc8825ef14125000cc8825ef14125000cc8825ef14125000cc8825ef14125
2026-03-27 09:01:35.155,LINUX-JUMP-01,svc-export,1,node,"node",cmd.exe,,,SHA256=0003a5e5e1e3d6e10003a5e5e1e3d6e10003a5e5e1e3d6e10003a5e5e1e3d6e1
2026-03-27 09:11:50.850,FIN-WS17,riley.kapoor,1,git,"git",systemd,,,SHA256=0012b1dbcd49937a0012b1dbcd49937a0012b1dbcd49937a0012b1dbcd49937a
2026-03-27 09:15:12.533,FIN-WS17,svc-build,1,slack.exe,"slack.exe",launchd,,,SHA256=0015f4d7cafb0b660015f4d7cafb0b660015f4d7cafb0b660015f4d7cafb0b66
2026-03-27 09:26:22.571,FIN-WS17,svc-export,1,node,"node",systemd,,,SHA256=0016ff34f85695850016ff34f85695850016ff34f85695850016ff34f8569585
2026-03-27 09:31:28.612,LINUX-JUMP-01,svc-build,1,git,"git",systemd,,,SHA256=000d4f7eb75e6562000d4f7eb75e6562000d4f7eb75e6562000d4f7eb75e6562
2026-03-27 09:35:36.268,ENG-MAC-04,jamie.patel,1,git,"git",systemd,,,SHA256=000c8f7b5fbacead000c8f7b5fbacead000c8f7b5fbacead000c8f7b5fbacead
2026-03-27 09:46:22.046,LINUX-JUMP-01,svc-export,1,powershell.exe,"powershell.exe",cmd.exe,,,SHA256=000cbcec7f74fcdc000cbcec7f74fcdc000cbcec7f74fcdc000cbcec7f74fcdc
2026-03-27 09:50:30.059,FIN-WS17,svc-export,1,outlook.exe,"outlook.exe",systemd,,,SHA256=0015a3aa4fdd7c3e0015a3aa4fdd7c3e0015a3aa4fdd7c3e0015a3aa4fdd7c3e
2026-03-27 09:54:11.768,LINUX-JUMP-01,taylor.owens,1,python3,"python3",launchd,,,SHA256=0007697a5672a1f00007697a5672a1f00007697a5672a1f00007697a5672a1f0
2026-03-27 10:01:10.224,LINUX-JUMP-01,morgan.sato,1,sshd,"sshd",explorer.exe,,,SHA256=0017132ebf08be680017132ebf08be680017132ebf08be680017132ebf08be68
2026-03-27 10:12:38.452,LINUX-JUMP-01,riley.kapoor,1,python3,"python3",systemd,,,SHA256=000e75d9c9b1228a000e75d9c9b1228a000e75d9c9b1228a000e75d9c9b1228a
2026-03-27 10:17:49.112,ENG-MAC-17,svc-build,1,sshd,"sshd",cmd.exe,,,SHA256=00046352549be99400046352549be99400046352549be99400046352549be994
2026-03-27 10:25:56.347,FIN-WS17,svc-export,1,node,"node",launchd,,,SHA256=0019dc083e7142430019dc083e7142430019dc083e7142430019dc083e714243
2026-03-27 10:32:21.591,ENG-MAC-04,morgan.sato,1,chrome.exe,"chrome.exe",explorer.exe,,,SHA256=0015b330a70127ee0015b330a70127ee0015b330a70127ee0015b330a70127ee
2026-03-27 10:40:07.619,FIN-WS22,riley.kapoor,1,powershell.exe,"powershell.exe",explorer.exe,,,SHA256=001a5c6a4dd63099001a5c6a4dd63099001a5c6a4dd63099001a5c6a4dd63099
2026-03-27 10:45:27.505,FIN-WS22,svc-build,1,python3,"python3",explorer.exe,,,SHA256=00214f765905d72e00214f765905d72e00214f765905d72e00214f765905d72e
2026-03-27 10:54:39.480,ENG-MAC-04,svc-build,1,chrome.exe,"chrome.exe",cmd.exe,,,SHA256=000f0f7d7cd68955000f0f7d7cd68955000f0f7d7cd68955000f0f7d7cd68955
2026-03-27 11:00:30.735,FIN-WS17,taylor.owens,1,python3,"python3",explorer.exe,,,SHA256=00222dd716394ea800222dd716394ea800222dd716394ea800222dd716394ea8
2026-03-27 11:11:42.502,FIN-WS22,alex.chen,1,chrome.exe,"chrome.exe",launchd,,,SHA256=0005a13dd98f2b370005a13dd98f2b370005a13dd98f2b370005a13dd98f2b37
2026-03-27 11:16:18.551,FIN-WS22,svc-export,1,slack.exe,"slack.exe",systemd,,,SHA256=001aaf5fd0c9f996001aaf5fd0c9f996001aaf5fd0c9f996001aaf5fd0c9f996
2026-03-27 11:21:56.635,BLD-RUN-02,taylor.owens,1,python3,"python3",cmd.exe,,,SHA256=0018a40c131570e60018a40c131570e60018a40c131570e60018a40c131570e6
2026-03-27 11:31:48.114,ENG-MAC-04,svc-build,1,powershell.exe,"powershell.exe",cmd.exe,,,SHA256=000b67931adaf1a2000b67931adaf1a2000b67931adaf1a2000b67931adaf1a2
2026-03-27 11:42:29.585,LINUX-JUMP-01,jamie.patel,1,slack.exe,"slack.exe",explorer.exe,,,SHA256=001db5c5ed939816001db5c5ed939816001db5c5ed939816001db5c5ed939816
2026-03-27 11:53:40.081,BLD-RUN-02,jamie.patel,1,chrome.exe,"chrome.exe",explorer.exe,,,SHA256=000ce53de27785b9000ce53de27785b9000ce53de27785b9000ce53de27785b9
2026-03-27 12:04:20.321,LINUX-JUMP-01,alex.chen,1,python3,"python3",launchd,,,SHA256=002158f7edf462f8002158f7edf462f8002158f7edf462f8002158f7edf462f8
2026-03-27 12:10:02.391,FIN-WS22,riley.kapoor,1,node,"node",systemd,,,SHA256=00163fe5b436590e00163fe5b436590e00163fe5b436590e00163fe5b436590e
2026-03-27 12:14:18.603,FIN-WS22,svc-export,1,git,"git",systemd,,,SHA256=0010badaf93f3fe90010badaf93f3fe90010badaf93f3fe90010badaf93f3fe9
2026-03-27 12:24:00.455,FIN-WS22,alex.chen,1,python3,"python3",systemd,,,SHA256=001f4601c296066b001f4601c296066b001f4601c296066b001f4601c296066b
2026-03-27 12:29:19.573,FIN-WS17,jamie.patel,1,outlook.exe,"outlook.exe",explorer.exe,,,SHA256=00081962da4c835500081962da4c835500081962da4c835500081962da4c8355
2026-03-27 12:33:13.083,ENG-MAC-17,morgan.sato,1,git,"git",explorer.exe,,,SHA256=00164b669e4473be00164b669e4473be00164b669e4473be00164b669e4473be
2026-03-27 12:37:30.537,FIN-WS22,taylor.owens,1,outlook.exe,"outlook.exe",systemd,,,SHA256=00225a60f1167fec00225a60f1167fec00225a60f1167fec00225a60f1167fec
2026-03-27 12:44:06.600,FIN-WS17,taylor.owens,1,node,"node",launchd,,,SHA256=002329aa35b941e2002329aa35b941e2002329aa35b941e2002329aa35b941e2
2026-03-27 12:53:15.223,FIN-WS22,svc-export,1,slack.exe,"slack.exe",systemd,,,SHA256=00128bf34866890700128bf34866890700128bf34866890700128bf348668907
2026-03-27 12:56:02.751,LINUX-JUMP-01,riley.kapoor,1,chrome.exe,"chrome.exe",cmd.exe,,,SHA256=000f92a5117004ac000f92a5117004ac000f92a5117004ac000f92a5117004ac
2026-03-27 13:03:18.909,BLD-RUN-02,morgan.sato,1,slack.exe,"slack.exe",cmd.exe,,,SHA256=0018a6bad8562b5b0018a6bad8562b5b0018a6bad8562b5b0018a6bad8562b5b
2026-03-27 13:11:49.090,ENG-MAC-04,svc-build,1,outlook.exe,"outlook.exe",cmd.exe,,,SHA256=000a5dacd8172f38000a5dacd8172f38000a5dacd8172f38000a5dacd8172f38
2026-03-27 13:19:25.949,FIN-WS17,riley.kapoor,1,python3,"python3",cmd.exe,,,SHA256=001058eb10aa27dd001058eb10aa27dd001058eb10aa27dd001058eb10aa27dd
2026-03-27 13:22:43.708,ENG-MAC-17,jamie.patel,1,slack.exe,"slack.exe",explorer.exe,,,SHA256=00055fc90ad4e07300055fc90ad4e07300055fc90ad4e07300055fc90ad4e073
2026-03-27 13:31:59.340,ENG-MAC-04,morgan.sato,1,outlook.exe,"outlook.exe",launchd,,,SHA256=000ad076562cfcf7000ad076562cfcf7000ad076562cfcf7000ad076562cfcf7
2026-03-27 13:37:39.243,ENG-MAC-17,alex.chen,1,git,"git",explorer.exe,,,SHA256=0018c1e9ac97fbeb0018c1e9ac97fbeb0018c1e9ac97fbeb0018c1e9ac97fbeb
2026-03-27 13:43:40.107,ENG-MAC-04,jamie.patel,1,sshd,"sshd",explorer.exe,,,SHA256=00193891647509eb00193891647509eb00193891647509eb00193891647509eb
2026-03-27 13:54:14.268,FIN-WS17,jamie.patel,1,slack.exe,"slack.exe",cmd.exe,,,SHA256=001252889afd3ad5001252889afd3ad5001252889afd3ad5001252889afd3ad5
2026-03-27 13:58:02.402,ENG-MAC-17,alex.chen,1,slack.exe,"slack.exe",launchd,,,SHA256=00041959bc08988600041959bc08988600041959bc08988600041959bc089886
2026-03-27 14:03:33.265,ENG-MAC-04,riley.kapoor,1,node,"node",systemd,,,SHA256=001f6d6cc49b215f001f6d6cc49b215f001f6d6cc49b215f001f6d6cc49b215f
2026-03-27 14:06:28.343,FIN-WS22,alex.chen,1,sshd,"sshd",explorer.exe,,,SHA256=001f3eff30055908001f3eff30055908001f3eff30055908001f3eff30055908
2026-03-27 14:11:19.521,FIN-WS22,taylor.owens,1,sshd,"sshd",launchd,,,SHA256=001817b50c580436001817b50c580436001817b50c580436001817b50c580436
2026-03-27 14:18:44.741,FIN-WS17,riley.kapoor,1,slack.exe,"slack.exe",explorer.exe,,,SHA256=0001d13f4a411c520001d13f4a411c520001d13f4a411c520001d13f4a411c52
2026-03-27 14:26:58.409,ENG-MAC-17,svc-export,1,outlook.exe,"outlook.exe",explorer.exe,,,SHA256=001d51176c428a59001d51176c428a59001d51176c428a59001d51176c428a59
2026-03-27 14:36:11.985,ENG-MAC-04,morgan.sato,1,sshd,"sshd",explorer.exe,,,SHA256=00233f9d9a44d85000233f9d9a44d85000233f9d9a44d85000233f9d9a44d850
2026-03-27 14:43:31.638,ENG-MAC-17,taylor.owens,1,outlook.exe,"outlook.exe",explorer.exe,,,SHA256=0022fbf35f70571e0022fbf35f70571e0022fbf35f70571e0022fbf35f70571e
2026-03-27 14:48:13.490,ENG-MAC-17,morgan.sato,1,powershell.exe,"powershell.exe",cmd.exe,,,SHA256=00054ed8d3a142a700054ed8d3a142a700054ed8d3a142a700054ed8d3a142a7
2026-03-27 14:53:36.180,BLD-RUN-02,svc-export,1,outlook.exe,"outlook.exe",cmd.exe,,,SHA256=000ce909df33c883000ce909df33c883000ce909df33c883000ce909df33c883
2026-03-27 14:58:22.221,ENG-MAC-04,morgan.sato,1,python3,"python3",systemd,,,SHA256=001297b5942d8da2001297b5942d8da2001297b5942d8da2001297b5942d8da2
2026-03-27 15:05:24.715,ENG-MAC-04,riley.kapoor,1,python3,"python3",explorer.exe,,,SHA256=001e1427bf5bf5b9001e1427bf5bf5b9001e1427bf5bf5b9001e1427bf5bf5b9
2026-03-27 15:16:18.956,BLD-RUN-02,svc-build,1,chrome.exe,"chrome.exe",systemd,,,SHA256=00165d69500a135800165d69500a135800165d69500a135800165d69500a1358
2026-03-27 15:26:57.557,ENG-MAC-04,morgan.sato,1,chrome.exe,"chrome.exe",cmd.exe,,,SHA256=001ebb53739859ed001ebb53739859ed001ebb53739859ed001ebb53739859ed
2026-03-27 15:30:25.048,ENG-MAC-17,riley.kapoor,1,node,"node",launchd,,,SHA256=000002cca68cfb20000002cca68cfb20000002cca68cfb20000002cca68cfb20
2026-03-27 15:40:19.137,BLD-RUN-02,svc-export,1,chrome.exe,"chrome.exe",launchd,,,SHA256=0017ba19dc29d7570017ba19dc29d7570017ba19dc29d7570017ba19dc29d757
2026-03-27 15:49:30.594,ENG-MAC-04,morgan.sato,1,outlook.exe,"outlook.exe",cmd.exe,,,SHA256=00129881ee71253900129881ee71253900129881ee71253900129881ee712539
2026-03-27 15:55:05.262,BLD-RUN-02,jamie.patel,1,git,"git",systemd,,,SHA256=0020e5634d93fe880020e5634d93fe880020e5634d93fe880020e5634d93fe88
2026-03-27 16:06:07.021,FIN-WS22,svc-build,1,slack.exe,"slack.exe",launchd,,,SHA256=0005d612cf60e8b40005d612cf60e8b40005d612cf60e8b40005d612cf60e8b4
2026-03-27 16:08:50.485,LINUX-JUMP-01,taylor.owens,1,node,"node",cmd.exe,,,SHA256=001dacb11d09c5ee001dacb11d09c5ee001dacb11d09c5ee001dacb11d09c5ee
2026-03-27 16:14:11.260,FIN-WS22,morgan.sato,1,outlook.exe,"outlook.exe",cmd.exe,,,SHA256=001edf7144bf6fa4001edf7144bf6fa4001edf7144bf6fa4001edf7144bf6fa4
2026-03-27 16:21:38.046,FIN-WS17,riley.kapoor,1,git,"git",launchd,,,SHA256=0005197bb7bf1daa0005197bb7bf1daa0005197bb7bf1daa0005197bb7bf1daa
2026-03-27 16:31:56.760,FIN-WS17,morgan.sato,1,sshd,"sshd",explorer.exe,,,SHA256=0018b0c64e4fbd870018b0c64e4fbd870018b0c64e4fbd870018b0c64e4fbd87
2026-03-27 16:35:17.966,FIN-WS17,taylor.owens,1,outlook.exe,"outlook.exe",explorer.exe,,,SHA256=001b689ff9700b95001b689ff9700b95001b689ff9700b95001b689ff9700b95
2026-03-27 16:46:24.745,FIN-WS22,svc-export,1,chrome.exe,"chrome.exe",launchd,,,SHA256=00108d076084abf600108d076084abf600108d076084abf600108d076084abf6
2026-03-27 16:53:32.014,FIN-WS22,svc-build,1,git,"git",systemd,,,SHA256=0021c6afc31b3b900021c6afc31b3b900021c6afc31b3b900021c6afc31b3b90
2026-03-27 17:03:37.255,ENG-MAC-04,svc-build,1,slack.exe,"slack.exe",cmd.exe,,,SHA256=0011af723fbe698a0011af723fbe698a0011af723fbe698a0011af723fbe698a
2026-03-27 17:11:27.376,BLD-RUN-02,svc-export,1,sshd,"sshd",launchd,,,SHA256=0001c76358b730090001c76358b730090001c76358b730090001c76358b73009
2026-03-27 17:21:31.589,FIN-WS17,riley.kapoor,1,git,"git",systemd,,,SHA256=0006e2d5b48f47100006e2d5b48f47100006e2d5b48f47100006e2d5b48f4710
2026-03-27 17:32:33.982,FIN-WS17,riley.kapoor,1,git,"git",launchd,,,SHA256=001233d7b0797ed5001233d7b0797ed5001233d7b0797ed5001233d7b0797ed5
2026-03-27 17:37:03.950,FIN-WS17,alex.chen,1,git,"git",explorer.exe,,,SHA256=0013a8fa7644def00013a8fa7644def00013a8fa7644def00013a8fa7644def0
2026-03-27 17:42:43.597,LINUX-JUMP-01,riley.kapoor,1,python3,"python3",cmd.exe,,,SHA256=00145da3887ec62b00145da3887ec62b00145da3887ec62b00145da3887ec62b
2026-03-27 17:47:48.179,ENG-MAC-04,jamie.patel,1,node,"node",cmd.exe,,,SHA256=001fbfb65719e2d9001fbfb65719e2d9001fbfb65719e2d9001fbfb65719e2d9
2026-03-27 17:55:01.859,LINUX-JUMP-01,svc-build,1,git,"git",launchd,,,SHA256=001850005c6f45fd001850005c6f45fd001850005c6f45fd001850005c6f45fd
2026-03-27 18:00:03.599,FIN-WS22,taylor.owens,1,outlook.exe,"outlook.exe",cmd.exe,,,SHA256=000bb6eea4b81bb0000bb6eea4b81bb0000bb6eea4b81bb0000bb6eea4b81bb0
2026-03-27 18:09:07.623,ENG-MAC-04,svc-export,1,powershell.exe,"powershell.exe",systemd,,,SHA256=001cda70dbfe497e001cda70dbfe497e001cda70dbfe497e001cda70dbfe497e
2026-03-27 18:12:24.126,LINUX-JUMP-01,svc-export,1,outlook.exe,"outlook.exe",cmd.exe,,,SHA256=001ccb492f1467b9001ccb492f1467b9001ccb492f1467b9001ccb492f1467b9
2026-03-27 18:20:47.063,BLD-RUN-02,jamie.patel,1,node,"node",cmd.exe,,,SHA256=00013e3df6b4ccef00013e3df6b4ccef00013e3df6b4ccef00013e3df6b4ccef
2026-03-27 18:30:48.913,BLD-RUN-02,svc-build,1,outlook.exe,"outlook.exe",systemd,,,SHA256=001ae3748596c305001ae3748596c305001ae3748596c305001ae3748596c305
2026-03-27 18:37:13.116,LINUX-JUMP-01,riley.kapoor,1,git,"git",explorer.exe,,,SHA256=0003e467cfde0bab0003e467cfde0bab0003e467cfde0bab0003e467cfde0bab
2026-03-27 18:47:52.927,FIN-WS17,jamie.patel,1,python3,"python3",cmd.exe,,,SHA256=00154dfa8e90a61e00154dfa8e90a61e00154dfa8e90a61e00154dfa8e90a61e
2026-03-27 18:57:53.978,LINUX-JUMP-01,riley.kapoor,1,python3,"python3",launchd,,,SHA256=002102226ccee274002102226ccee274002102226ccee274002102226ccee274
2026-03-27 19:08:43.986,FIN-WS22,svc-build,1,powershell.exe,"powershell.exe",explorer.exe,,,SHA256=001b2279530b46f0001b2279530b46f0001b2279530b46f0001b2279530b46f0
2026-03-27 19:19:17.498,LINUX-JUMP-01,alex.chen,1,python3,"python3",systemd,,,SHA256=00019a6d05c931fe00019a6d05c931fe00019a6d05c931fe00019a6d05c931fe
2026-03-27 19:28:30.901,LINUX-JUMP-01,svc-export,1,python3,"python3",cmd.exe,,,SHA256=001fcd5eae0387f9001fcd5eae0387f9001fcd5eae0387f9001fcd5eae0387f9
2026-03-27 19:36:11.421,BLD-RUN-02,jamie.patel,1,node,"node",systemd,,,SHA256=0017f57bffa4adbc0017f57bffa4adbc0017f57bffa4adbc0017f57bffa4adbc
2026-03-27 19:43:35.497,FIN-WS22,jamie.patel,1,python3,"python3",launchd,,,SHA256=000d707a3c50a1b2000d707a3c50a1b2000d707a3c50a1b2000d707a3c50a1b2
2026-03-27 19:48:02.567,ENG-MAC-17,alex.chen,1,outlook.exe,"outlook.exe",systemd,,,SHA256=001eaa1c3836c2e9001eaa1c3836c2e9001eaa1c3836c2e9001eaa1c3836c2e9
2026-03-27 19:54:39.414,FIN-WS17,jamie.patel,1,slack.exe,"slack.exe",explorer.exe,,,SHA256=000fa4758662d23f000fa4758662d23f000fa4758662d23f000fa4758662d23f
2026-03-27 20:04:51.162,BLD-RUN-02,jamie.patel,1,slack.exe,"slack.exe",launchd,,,SHA256=0019f38edba383d80019f38edba383d80019f38edba383d80019f38edba383d8
2026-03-27 20:11:24.702,FIN-WS22,taylor.owens,1,git,"git",launchd,,,SHA256=000dd16b7aef9f54000dd16b7aef9f54000dd16b7aef9f54000dd16b7aef9f54
2026-03-27 20:19:59.651,FIN-WS17,svc-build,1,powershell.exe,"powershell.exe",explorer.exe,,,SHA256=0022337da471c37e0022337da471c37e0022337da471c37e0022337da471c37e
2026-03-27 20:25:25.379,BLD-RUN-02,taylor.owens,1,node,"node",explorer.exe,,,SHA256=001bc185a8a5766a001bc185a8a5766a001bc185a8a5766a001bc185a8a5766a
2026-03-27 20:29:28.462,FIN-WS17,svc-build,1,node,"node",explorer.exe,,,SHA256=0022d4894b8fcd400022d4894b8fcd400022d4894b8fcd400022d4894b8fcd40
2026-03-27 20:32:15.198,LINUX-JUMP-01,taylor.owens,1,outlook.exe,"outlook.exe",cmd.exe,,,SHA256=00143da2e756b72200143da2e756b72200143da2e756b72200143da2e756b722
2026-03-27 20:41:54.292,ENG-MAC-04,jamie.patel,1,powershell.exe,"powershell.exe",launchd,,,SHA256=001000f45aa164f7001000f45aa164f7001000f45aa164f7001000f45aa164f7
2026-03-27 20:50:55.045,LINUX-JUMP-01,jamie.patel,1,git,"git",explorer.exe,,,SHA256=00129374a6d573f700129374a6d573f700129374a6d573f700129374a6d573f7
2026-03-27 20:54:39.648,ENG-MAC-04,riley.kapoor,1,slack.exe,"slack.exe",explorer.exe,,,SHA256=00024b15b0d7fb4b00024b15b0d7fb4b00024b15b0d7fb4b00024b15b0d7fb4b
2026-03-27 20:59:11.478,LINUX-JUMP-01,riley.kapoor,1,chrome.exe,"chrome.exe",explorer.exe,,,SHA256=0010988fcbd0752a0010988fcbd0752a0010988fcbd0752a0010988fcbd0752a
2026-03-27 21:10:25.457,ENG-MAC-04,taylor.owens,1,node,"node",launchd,,,SHA256=001adbd1f5c94230001adbd1f5c94230001adbd1f5c94230001adbd1f5c94230
2026-03-27 21:20:16.059,LINUX-JUMP-01,riley.kapoor,1,powershell.exe,"powershell.exe",systemd,,,SHA256=00053880398849e800053880398849e800053880398849e800053880398849e8
2026-03-27 21:28:31.718,ENG-MAC-17,jamie.patel,1,slack.exe,"slack.exe",explorer.exe,,,SHA256=001b9d17d1a88dbb001b9d17d1a88dbb001b9d17d1a88dbb001b9d17d1a88dbb
2026-03-27 21:35:43.257,ENG-MAC-17,alex.chen,1,node,"node",launchd,,,SHA256=001aa35b165673bf001aa35b165673bf001aa35b165673bf001aa35b165673bf
2026-03-27 21:44:14.284,FIN-WS22,taylor.owens,1,slack.exe,"slack.exe",systemd,,,SHA256=000afd8fbbc1ad29000afd8fbbc1ad29000afd8fbbc1ad29000afd8fbbc1ad29
2026-03-27 21:49:42.812,LINUX-JUMP-01,svc-export,1,powershell.exe,"powershell.exe",systemd,,,SHA256=000df83eb5ecf842000df83eb5ecf842000df83eb5ecf842000df83eb5ecf842
2026-03-27 21:57:18.973,BLD-RUN-02,jamie.patel,1,chrome.exe,"chrome.exe",explorer.exe,,,SHA256=0012aca4c1ad28300012aca4c1ad28300012aca4c1ad28300012aca4c1ad2830
2026-03-27 21:59:50.588,BLD-RUN-02,svc-export,1,sshd,"sshd",systemd,,,SHA256=000448b3ba7be4f9000448b3ba7be4f9000448b3ba7be4f9000448b3ba7be4f9
2026-03-27 22:03:57.358,ENG-MAC-04,svc-build,1,node,"node",cmd.exe,,,SHA256=0009feef41b60c860009feef41b60c860009feef41b60c860009feef41b60c86
2026-03-27 22:10:00.067,ENG-MAC-04,taylor.owens,1,chrome.exe,"chrome.exe",explorer.exe,,,SHA256=0007329572f5918e0007329572f5918e0007329572f5918e0007329572f5918e
2026-03-27 22:13:21.686,FIN-WS22,riley.kapoor,1,powershell.exe,"powershell.exe",cmd.exe,,,SHA256=001e3d683d20b7b2001e3d683d20b7b2001e3d683d20b7b2001e3d683d20b7b2
2026-03-27 22:20:04.750,FIN-WS17,riley.kapoor,1,sshd,"sshd",explorer.exe,,,SHA256=001c1c16f03cac35001c1c16f03cac35001c1c16f03cac35001c1c16f03cac35
2026-03-27 22:30:59.519,LINUX-JUMP-01,morgan.sato,1,node,"node",explorer.exe,,,SHA256=000dba11da154911000dba11da154911000dba11da154911000dba11da154911
2026-03-27 22:37:19.870,ENG-MAC-04,morgan.sato,1,sshd,"sshd",launchd,,,SHA256=0007ed53bc225c5a0007ed53bc225c5a0007ed53bc225c5a0007ed53bc225c5a
2026-03-27 22:44:41.803,BLD-RUN-02,alex.chen,1,node,"node",systemd,,,SHA256=00007c5fbf08a82a00007c5fbf08a82a00007c5fbf08a82a00007c5fbf08a82a
2026-03-27 22:52:39.933,FIN-WS22,taylor.owens,1,outlook.exe,"outlook.exe",launchd,,,SHA256=001273beb51b0790001273beb51b0790001273beb51b0790001273beb51b0790
2026-03-27 22:58:41.203,ENG-MAC-04,svc-build,1,outlook.exe,"outlook.exe",explorer.exe,,,SHA256=001a8eadc8044b35001a8eadc8044b35001a8eadc8044b35001a8eadc8044b35
2026-03-27 23:02:06.743,FIN-WS17,svc-export,1,python3,"python3",launchd,,,SHA256=001f340784a384b8001f340784a384b8001f340784a384b8001f340784a384b8
2026-03-27 23:11:30.669,ENG-MAC-17,jamie.patel,1,sshd,"sshd",cmd.exe,,,SHA256=0016a8394abb29e80016a8394abb29e80016a8394abb29e80016a8394abb29e8
2026-03-27 23:16:10.683,FIN-WS22,morgan.sato,1,chrome.exe,"chrome.exe",launchd,,,SHA256=000766ad3868c96e000766ad3868c96e000766ad3868c96e000766ad3868c96e
2026-03-27 23:22:55.309,ENG-MAC-04,jamie.patel,1,powershell.exe,"powershell.exe",launchd,,,SHA256=001d49db4a898883001d49db4a898883001d49db4a898883001d49db4a898883
2026-03-27 23:28:46.147,LINUX-JUMP-01,riley.kapoor,1,node,"node",explorer.exe,,,SHA256=002373ba79575dbc002373ba79575dbc002373ba79575dbc002373ba79575dbc
2026-03-27 23:32:43.790,FIN-WS17,taylor.owens,1,outlook.exe,"outlook.exe",cmd.exe,,,SHA256=000efc07f090871d000efc07f090871d000efc07f090871d000efc07f090871d
2026-03-27 23:40:50.146,BLD-RUN-02,alex.chen,1,python3,"python3",cmd.exe,,,SHA256=00027343696121f700027343696121f700027343696121f700027343696121f7
2026-03-27 23:48:28.600,LINUX-JUMP-01,alex.chen,1,git,"git",launchd,,,SHA256=000e5435ae36a12f000e5435ae36a12f000e5435ae36a12f000e5435ae36a12f
2026-03-27 23:55:51.244,FIN-WS17,taylor.owens,1,chrome.exe,"chrome.exe",systemd,,,SHA256=0000676ec0e832fe0000676ec0e832fe0000676ec0e832fe0000676ec0e832fe
2026-03-27 23:59:57.625,BLD-RUN-02,svc-export,1,python3,"python3",cmd.exe,,,SHA256=00204f735522896000204f735522896000204f735522896000204f7355228960
